1,Kopczyk,Karol,83122544535,D1+E,3103
2,Nosacz,Oliwier,95113011436,D1+E,3910
3,Nowak,Jerzy,71121185036,D+E,2653
4,Michnik,Marcin,97122150136,D,7031
5,Oraniec,Marek,84112815237,D1,5239
6,Kowalski,Karol,81112748133,D1,8788
7,Michnik,Emanuel,90121098135,D1+E,7933
8,Jurek,Franciszek,89112883733,D+E,5126
9,Mularczyk,Franciszek,91122875738,D1+E,3699
10,Banan,Kamil,80121052039,D1+E,8003
11,Warnenczyk,Jerzy,85122095231,D1,2823
12,Skorek,Marian,84102844430,D+E,7570
13,Oraniec,Robert,87121099238,D1,8052
14,Stolarczyk,Jaroslaw,80122045136,D,6465
15,Solec,Sebastian,92113081138,D,2243
16,Asinski,Kornel,71112267531,D,5691
17,Asinski,Franciszek,93102291034,D1,4420
18,Nosacz,Rafal,76111892230,D,7704
19,Kajetanowicz,Miroslaw,85102317734,D,7051
20,Kolasa,Kamil,97111644938,D+E,5035
21,Oraniec,Marcin,91102247735,D1+E,4664
22,Michnik,Robert,81112964337,D1,3312
23,Asinski,Karol,83101060332,D+E,3219
24,Warna,Oliwier,88101829933,D,7024
25,Nowak,Adam,93112610832,D1,5036
26,Jurek,Andrzej,85111667137,D,8808
27,Asinski,Wlodzimierz,88111730237,D,4466
28,Warna,Jaroslaw,95101914038,D1,5122
29,Stolarczyk,Fryderyk,95102240436,D+E,5795
30,Kot,Boleslaw,88111911937,D1+E,6763
31,Rok,Kamil,93121293537,D+E,3112
32,Mularczyk,Robert,91111379032,D,2424
33,Gniewko,Bartlomiej,87122941836,D,8026
34,Matysiak,Wojciech,72123010631,D+E,6419
35,Gniewko,Franciszek,92121192135,D,6457
36,Gniewko,Patryk,98111050834,D+E,4082
37,Lubawski,Janusz,87122575430,D,3767
38,Mularczyk,Karol,78101298630,D1+E,4576
39,Dolas,Dominik,85122595838,D,6160
40,Warna,Jaroslaw,92122139837,D+E,5068
41,Warnenczyk,Oliwier,80111826438,D,3658
42,Bialy,Andrzej,98122168831,D,4420
43,Piekarczyk,Miroslaw,78102654333,D1+E,7206
44,Kot,Boleslaw,73122292635,D1+E,3961
45,Adamczyk,Marcin,74122221733,D+E,8783
46,Kolasa,Dominik,97101993636,D+E,4446
47,Matysiak,Robert,85121344233,D,7234
48,Adamczyk,Kamil,77102322932,D+E,8266
49,Warnenczyk,Bartlomiej,74121858439,D1,3689
50,Adamczyk,Miroslaw,76102884934,D1+E,5336
51,Jurek,Bartlomiej,78102457331,D+E,8280
52,Mularczyk,Emanuel,91121841739,D1,5653
53,Matysiak,Marcin,98122482438,D1+E,5233
54,Kolasa,Rafal,90112761331,D1,5045
55,Warna,Jerzy,96122741635,D+E,4886
56,Oraniec,Franciszek,87101640431,D1+E,4520
57,Oraniec,Robert,75112587331,D+E,2497
58,Banan,Kornel,91122492037,D1+E,5853
59,Kajetanowicz,Piotr,75111872634,D+E,5907
60,Kowal,Aleksander,74112120137,D1,4507
61,Nosacz,Franciszek,71111783936,D1,4204
62,Adamczyk,Dominik,97101638638,D,3637
63,Bialy,Janusz,88102311633,D+E,4887
64,Nosacz,Piotr,90112711330,D+E,8996
65,Nosacz,Bartlomiej,86121044333,D1+E,8455
66,Kowal,Kornel,76103013030,D1,7854
67,Kolasa,Michal,75122911830,D1,3975
68,Kowalski,Oliwier,91121788439,D1,3944
69,Nowak,Jaroslaw,90113033733,D,4885
70,Kopczyk,Marek,92122244038,D,8695
71,Warna,Kornel,87112441036,D+E,6836
72,Stefanczyk,Janusz,85112732937,D1,5160
73,Oraniec,Franciszek,70121932035,D1+E,6454
74,Skorek,Janusz,96102036737,D1,6050
75,Oraniec,Wojciech,95102942631,D1,7645
76,Michnik,Janusz,90102480437,D1+E,6268
77,Asinski,Janusz,96101520038,D1+E,3954
78,Nowak,Kamil,82112383138,D,6865
79,Asinski,Fryderyk,89102684235,D1,7858
80,Stefanczyk,Marian,94111172236,D+E,4886
81,Bialy,Robert,91111175739,D1,2423
82,Bialy,Marian,70123093236,D+E,2272
83,Adamczyk,Janusz,87121297038,D1,7451
84,Dolas,Emanuel,79102950735,D,6038
85,Kowal,Kornel,80122251233,D,5980
86,Warna,Marek,75122928030,D1,4186
87,Adamczyk,Marcin,70121094036,D+E,7298
88,Solec,Michal,85102825834,D,3521
89,Warnenczyk,Janusz,93121039533,D1,5781
90,Stolarczyk,Karol,97122796230,D1+E,4377
91,Michnik,Kamil,96101573735,D,6446
92,Warnenczyk,Wojciech,95101594035,D+E,3289
93,Stolarczyk,Andrzej,81101021632,D,3908
94,Lubawski,Marcin,78122824836,D,5563
95,Nosacz,Bartlomiej,98112366531,D1+E,5624
96,Kowalski,Rafal,86112991136,D+E,8612
97,Jurek,Karol,97121133535,D1,7963
98,Kowalski,Emanuel,96122716630,D1+E,2367
99,Kot,Emanuel,83122418932,D1+E,8168
100,Kot,Kamil,80113037731,D1+E,7566
101,Solec,Emanuel,73112246835,D+E,7541
102,Kolasa,Robert,81112958732,D+E,3591
103,Kolasa,Sebastian,85112913335,D1,5569
104,Adamczyk,Franciszek,97112778539,D+E,7497
105,Nowak,Michal,89102185434,D,3979
106,Kowal,Oliwier,70121931539,D1,8251
107,Dolas,Robert,70101767333,D1,6231
108,Stolarz,Michal,96102338433,D+E,3699
109,Warnenczyk,Oliwier,83111741734,D+E,5636
110,Oraniec,Sebastian,95101510933,D1,5179
111,Piekarczyk,Fryderyk,92122715436,D1,4383
112,Bialy,Franciszek,88102258336,D1+E,6691
113,Dolas,Aleksander,98122170131,D1,7564
114,Kajetanowicz,Aleksander,77121347134,D1,5117
115,Stolarz,Robert,81122192035,D1,5829
116,Nowak,Janusz,72112830433,D1,7924
117,Stefanczyk,Robert,83102782137,D,6288
118,Kot,Jerzy,97102096538,D1+E,7536
119,Asinski,Aleksander,73101613232,D+E,2553
120,Piekarczyk,Marian,76122345939,D1,8911
121,Stolarczyk,Marek,79102377930,D1,4893
122,Stefanczyk,Jerzy,73122232631,D+E,2607
123,Stolarczyk,Jaroslaw,81111315730,D1+E,6061
124,Piekarczyk,Wojciech,96122882739,D+E,7225
125,Michnik,Miroslaw,90101281233,D+E,5356
126,Stolarczyk,Wlodzimierz,75112913338,D1,3929
127,Gniewko,Bartlomiej,74102940338,D,3013
128,Lubawski,Fryderyk,89121143733,D,6858
129,Bialy,Robert,71102699035,D1+E,8211
130,Oraniec,Boleslaw,98111826630,D1+E,8399
131,Warnenczyk,Adam,83122445437,D1+E,4278
132,Kowalski,Oliwier,86112135438,D1+E,3246
133,Mularczyk,Karol,87121617633,D+E,7226
134,Dolas,Miroslaw,88102768738,D1+E,4966
135,Kot,Wlodzimierz,75102643839,D1+E,5790
136,Warnenczyk,Fryderyk,89123096336,D,3062
137,Piekarczyk,Kornel,82122390937,D+E,5992
138,Kopczyk,Oliwier,79102062939,D,2225
139,Kajetanowicz,Oliwier,74101989133,D,6389
140,Banan,Marian,91111126231,D+E,4340
141,Stolarz,Janusz,88111217734,D1+E,5133
142,Kajetanowicz,Karol,78122855534,D1+E,8637
143,Stefanczyk,Franciszek,87112794839,D+E,4284
144,Matysiak,Michal,90112334836,D+E,5058
145,Kowalski,Miroslaw,88121976931,D,6217
146,Solec,Sebastian,91121676339,D1+E,4576
147,Kowalski,Janusz,84122978133,D+E,5394
148,Warnenczyk,Marian,96112299532,D,6572
149,Stolarz,Michal,94122432536,D+E,5173
150,Dolas,Michal,98101023433,D,7541
151,Kot,Jerzy,77122932933,D+E,6653
152,Kowalski,Marek,71112943633,D,3337
153,Stolarczyk,Wojciech,89112133938,D1,7092
154,Dolas,Wlodzimierz,78112674134,D,7597
155,Dolas,Marek,77121618035,D+E,8531
156,Stolarczyk,Kamil,88121098735,D1+E,7562
157,Rok,Fryderyk,71121956239,D1,4306
158,Lubawski,Marcin,79112848138,D1+E,2355
159,Dolas,Karol,73122267436,D1,6895
160,Bialy,Jerzy,71112854636,D1+E,8720
161,Kot,Adam,78112974432,D,4000
162,Asinski,Piotr,76102384233,D1+E,3140
163,Nowak,Bartlomiej,89111230032,D1+E,2988
164,Kajetanowicz,Fryderyk,87112534432,D,6193
165,Asinski,Aleksander,95111144738,D1,6481
166,Oraniec,Andrzej,75102121630,D1,5505
167,Jurek,Oliwier,94112066333,D+E,7629
168,Nowak,Boleslaw,92122820339,D,4497
169,Warna,Michal,96121077437,D+E,7975
170,Oraniec,Marek,97101970239,D1+E,7171
171,Mularczyk,Wlodzimierz,94102759335,D1+E,5458
172,Kolasa,Marian,93121625933,D1+E,4857
173,Stefanczyk,Franciszek,96102691139,D+E,8218
174,Adamczyk,Kamil,97122819937,D1,4099
175,Stefanczyk,Jerzy,84101743834,D1,5550
176,Stefanczyk,Karol,96122432838,D1,3746
177,Rok,Piotr,97112218432,D1+E,5828
178,Solec,Oliwier,79122263835,D,6367
179,Kolasa,Jaroslaw,82102160832,D1+E,5133
180,Michnik,Oliwier,84122245031,D1,7463
181,Piekarczyk,Oliwier,91102446233,D,2521
182,Lubawski,Marcin,84112037331,D1,7641
183,Nowak,Adam,77111273035,D1,5707
184,Solec,Oliwier,97112830038,D,5944
185,Lubawski,Kornel,94112260136,D1+E,2887
186,Nowak,Adam,85101452932,D+E,8648
187,Kopczyk,Wlodzimierz,89102796736,D1+E,4755
188,Dolas,Rafal,94111783531,D1+E,7624
189,Jurek,Dominik,96101563035,D1+E,7274
190,Stolarczyk,Jaroslaw,80102472038,D1,2468
191,Warna,Dominik,88102753739,D,4641
192,Solec,Oliwier,77121270335,D,8075
193,Matysiak,Miroslaw,79111465037,D1,3059
194,Gniewko,Robert,82122274235,D1+E,2904
195,Bialy,Karol,92111465630,D1,3950
196,Bialy,Marek,79102036635,D+E,4124
197,Skorek,Aleksander,79102483633,D+E,4390
198,Nowak,Kamil,88111283033,D+E,2708
199,Solec,Dominik,97111439433,D1+E,7291
200,Stefanczyk,Wlodzimierz,96101728032,D+E,4681
201,Nowak,Wlodzimierz,94111554730,D1+E,6591
202,Kopczyk,Franciszek,70121732435,D1+E,5365
203,Stefanczyk,Franciszek,75101325939,D1+E,5819
204,Bialy,Patryk,84121168735,D,8428
205,Gniewko,Patryk,89103081636,D1+E,4222
206,Stolarczyk,Fryderyk,97111835935,D,5489
207,Lubawski,Rafal,89111963331,D+E,8429
208,Piekarczyk,Michal,88101394035,D1,7151
209,Banan,Jerzy,74122719031,D1,3894
210,Jurek,Fryderyk,92112639333,D,7725
211,Michnik,Andrzej,86122472832,D+E,5363
212,Lubawski,Franciszek,92102563335,D,3424
213,Kajetanowicz,Andrzej,83123033235,D+E,6505
214,Jurek,Wojciech,91111797632,D+E,3722
215,Solec,Andrzej,92111094638,D,4163
216,Bialy,Boleslaw,80101799738,D+E,8072
217,Warnenczyk,Aleksander,83101177333,D,3128
218,Jurek,Boleslaw,71122895239,D1+E,8215
219,Nowak,Kornel,92112225035,D1+E,6125
220,Kowalski,Robert,75111631238,D+E,7968
221,Adamczyk,Bartlomiej,96111274535,D1+E,2481
222,Nowak,Dominik,98121945435,D,5763
223,Banan,Boleslaw,81101024637,D1+E,3813
224,Kopczyk,Emanuel,83111631234,D,5004
225,Stolarz,Bartlomiej,80122330238,D,5017
226,Stolarczyk,Karol,86121181134,D1,3161
227,Solec,Piotr,95121935135,D,6296
228,Bialy,Karol,71123036135,D1+E,6103
229,Asinski,Fryderyk,82121168439,D1,3997
230,Nowak,Marek,94101710538,D+E,7540
231,Jurek,Jaroslaw,82111737233,D+E,5715
232,Kot,Aleksander,85122641531,D,4547
233,Banan,Marek,85122330631,D,3389
234,Kolasa,Kamil,89112458933,D1,5842
235,Piekarczyk,Bartlomiej,73102780535,D,4386
236,Kajetanowicz,Janusz,81121154936,D1,3102
237,Jurek,Patryk,95122541436,D+E,2512
238,Rok,Karol,85102023437,D,3105
239,Adamczyk,Wlodzimierz,75102788938,D1+E,7394
240,Adamczyk,Fryderyk,88121157530,D+E,8563
241,Warna,Andrzej,76112216839,D1,5890
242,Adamczyk,Piotr,77101088838,D,6678
243,Adamczyk,Jerzy,73121310635,D1,8356
244,Piekarczyk,Wojciech,86102156537,D1,6158
245,Dolas,Michal,93101025733,D,3912
246,Gniewko,Andrzej,97122699734,D,5136
247,Piekarczyk,Wlodzimierz,81102351230,D+E,3780
248,Kowal,Bartlomiej,82122291935,D1+E,2321
249,Mularczyk,Marian,78112420137,D,8718
250,Stolarczyk,Kamil,72102923230,D1+E,5838
251,Kolasa,Marian,81101053339,D,3111
252,Stolarz,Marian,89112971734,D1,5776
253,Oraniec,Patryk,76102842631,D,8075
254,Skorek,Jaroslaw,71111860732,D,2467
255,Kajetanowicz,Kamil,92112126338,D+E,4961
256,Nosacz,Patryk,78121388438,D,5168
257,Kowalski,Wlodzimierz,90101817532,D,3267
258,Lubawski,Bartlomiej,90111932733,D,7587
259,Lubawski,Adam,77102881533,D1,4925
260,Warna,Jaroslaw,92101276036,D,7307
261,Warnenczyk,Franciszek,73121396938,D,4889
262,Mularczyk,Fryderyk,84111512932,D+E,3010
263,Kowalski,Michal,79103089233,D,3628
264,Solec,Andrzej,78101229935,D1+E,8759
265,Lubawski,Wojciech,77101983934,D,6661
266,Asinski,Franciszek,77121445137,D+E,7920
267,Kolasa,Kornel,84101818732,D1+E,4351
268,Kowalski,Patryk,98121357039,D1,6317
269,Nosacz,Jaroslaw,90103092334,D1,6524
270,Stolarczyk,Fryderyk,72122330331,D1+E,8748
271,Kolasa,Aleksander,97102711839,D1+E,3504
272,Kopczyk,Jaroslaw,85102226639,D1+E,3761
273,Bialy,Rafal,97101624939,D1+E,8581
274,Nowak,Andrzej,88101052037,D,6374
275,Kot,Michal,74121084231,D1,6586
276,Nosacz,Janusz,71101565833,D,2349
277,Nowak,Oliwier,91111392732,D,8983
278,Adamczyk,Aleksander,84112999533,D1+E,3170
279,Matysiak,Franciszek,78111064935,D1+E,5490
280,Kopczyk,Patryk,89123052738,D1,4180
281,Kowal,Sebastian,86102421538,D1,3809
282,Kajetanowicz,Sebastian,94101622732,D+E,3085
283,Piekarczyk,Wlodzimierz,80123078832,D1,4829
284,Kot,Oliwier,98112623635,D,4735
285,Piekarczyk,Oliwier,71111162132,D,3505
286,Michnik,Bartlomiej,78101415138,D1+E,8024
287,Nowak,Rafal,73111481330,D+E,5327
288,Kopczyk,Wlodzimierz,73111263939,D1,2503
289,Nosacz,Adam,70101455036,D,4745
290,Stolarz,Kamil,92101473233,D1+E,2725
291,Asinski,Rafal,92122368434,D1+E,7816
292,Gniewko,Marcin,70102815637,D+E,5091
293,Kolasa,Patryk,82101229033,D+E,6903
294,Kopczyk,Marek,88112287439,D1,2284
295,Warnenczyk,Robert,75102250035,D1+E,2782
296,Warna,Andrzej,88112766932,D,6541
297,Kot,Wlodzimierz,95122441230,D1+E,3620
298,Gniewko,Kornel,70121170035,D1+E,2434
299,Michnik,Wojciech,98101319232,D1+E,5913
300,Kowalski,Marcin,72101453333,D+E,8015
301,Kolasa,Bartlomiej,87101215937,D1+E,4488
302,Jurek,Fryderyk,96112489633,D,2552
303,Matysiak,Janusz,85121655130,D+E,6883
304,Dolas,Piotr,78111282030,D,7094
305,Matysiak,Oliwier,92122270532,D,3106
306,Matysiak,Marian,71102021130,D1+E,5805
307,Dolas,Rafal,83103044038,D1,7463
308,Nosacz,Wlodzimierz,96122417935,D1+E,3119
309,Kowal,Marian,85121285738,D1+E,5295
310,Kopczyk,Kornel,91122651731,D1+E,5050
311,Stefanczyk,Janusz,88111749733,D+E,6299
312,Adamczyk,Robert,77111826035,D1,8142
313,Jurek,Sebastian,85112615533,D1+E,3406
314,Rok,Bartlomiej,92121265631,D,4173
315,Kopczyk,Bartlomiej,73112795433,D1,5034
316,Mularczyk,Sebastian,73111178134,D+E,8247
317,Matysiak,Sebastian,73113047435,D,7422
318,Matysiak,Boleslaw,93101160737,D+E,6829
319,Adamczyk,Patryk,83122573633,D,6273
320,Kajetanowicz,Kornel,88102743833,D,5803
321,Banan,Rafal,82122846133,D+E,5197
322,Warna,Marek,97112383636,D,4967
323,Bialy,Michal,74122846430,D1+E,6353
324,Kot,Janusz,92101412831,D1,6416
325,Asinski,Kornel,97112784333,D1+E,7653
326,Dolas,Rafal,71112889333,D,2940
327,Mularczyk,Kamil,88112136230,D1,8426
328,Lubawski,Jerzy,87101019630,D+E,3215
329,Dolas,Aleksander,85101733932,D,6153
330,Matysiak,Marian,80112655931,D+E,8216
331,Michnik,Wlodzimierz,70102091832,D,3184
332,Warna,Marcin,75101934733,D+E,4650
333,Warna,Adam,82102976133,D,3433
334,Stolarczyk,Rafal,89121159236,D,6558
335,Dolas,Wlodzimierz,82102570631,D1,2707
336,Jurek,Franciszek,85111798235,D,8196
337,Banan,Adam,80101255637,D1+E,5897
338,Kopczyk,Oliwier,90101222333,D+E,5996
339,Kowalski,Marek,88112297136,D+E,5510
340,Stolarz,Oliwier,89102368939,D+E,8174
341,Rok,Kornel,94121336038,D1+E,8830
342,Kolasa,Marcin,76122739331,D,4266
343,Michnik,Marcin,83122071636,D1+E,6713
344,Nosacz,Wlodzimierz,98102329636,D1+E,5625
345,Adamczyk,Bartlomiej,70121476738,D1+E,8857
346,Kowalski,Emanuel,76102057537,D+E,3596
347,Nosacz,Bartlomiej,71113071235,D1+E,6850
348,Stefanczyk,Kamil,70111779031,D1+E,5819
349,Warna,Karol,80121492638,D,2868
350,Stolarz,Marek,83122210933,D+E,4161
351,Stefanczyk,Wojciech,87102976035,D,2763
352,Asinski,Michal,76122818132,D,4712
353,Adamczyk,Patryk,74111187932,D1+E,4025
354,Oraniec,Michal,81121871335,D1,8621
355,Banan,Marian,95122056137,D1+E,2525
356,Michnik,Rafal,93102958130,D,3732
357,Stefanczyk,Marek,83121668933,D1+E,7480
358,Gniewko,Oliwier,93121358836,D1,6127
359,Solec,Boleslaw,71102946837,D1,8282
360,Warnenczyk,Jerzy,85111492936,D,6592
361,Mularczyk,Oliwier,84101810830,D+E,7541
362,Nowak,Robert,88101151238,D1,7175
363,Skorek,Kornel,93121252337,D1+E,2738
364,Warnenczyk,Wojciech,77111257538,D,7226
365,Kowalski,Marian,78121749733,D+E,5695
366,Matysiak,Wojciech,88101768330,D1,4338
367,Stolarczyk,Aleksander,97112882137,D+E,3148
368,Kowalski,Wojciech,81111937632,D1+E,7236
369,Piekarczyk,Fryderyk,91112759934,D1,4886
370,Skorek,Wojciech,90101347830,D1+E,2576
371,Michnik,Janusz,74121364830,D1+E,4619
372,Mularczyk,Wlodzimierz,73102780338,D1+E,4562
373,Nowak,Kamil,90121043936,D+E,5521
374,Kot,Jerzy,82111739834,D1,5920
375,Stolarz,Bartlomiej,79101378633,D1,2697
376,Warnenczyk,Emanuel,75111495234,D+E,2905
377,Michnik,Emanuel,73121548538,D1,7229
378,Matysiak,Robert,89111213531,D1+E,4682
379,Kowalski,Wojciech,78102434234,D+E,4844
380,Kolasa,Jaroslaw,95111662031,D,2745
381,Gniewko,Karol,73121690837,D,6524
382,Mularczyk,Rafal,79112997834,D,5167
383,Stolarz,Aleksander,80122696539,D1+E,3768
384,Asinski,Dominik,95112760831,D,4353
385,Dolas,Boleslaw,94101899332,D1,4279
386,Mularczyk,Janusz,81101350531,D1,8788
387,Dolas,Jaroslaw,81111838933,D1,4603
388,Stefanczyk,Wlodzimierz,76122764330,D+E,3418
389,Warnenczyk,Emanuel,73121837930,D+E,8828
390,Skorek,Bartlomiej,96101174430,D,4823
391,Gniewko,Marek,82122568838,D1,2847
392,Rok,Wlodzimierz,89102819138,D,4721
393,Stefanczyk,Boleslaw,87112265337,D,6568
394,Kajetanowicz,Bartlomiej,86111737933,D,6742
395,Jurek,Michal,79121787631,D1+E,6300
396,Asinski,Janusz,98123010635,D+E,7289
397,Warna,Franciszek,89112856736,D+E,2728
398,Piekarczyk,Janusz,84121218135,D1+E,3444
399,Stolarz,Janusz,74101828530,D1,5324
400,Mularczyk,Michal,86111269339,D+E,3779
401,Kajetanowicz,Rafal,73101890930,D1,3406
402,Skorek,Piotr,79102493439,D+E,6809
403,Kowal,Marian,78111124731,D,2598
404,Gniewko,Marek,94102669439,D1,5012
405,Kopczyk,Andrzej,79122566233,D+E,3815
406,Nosacz,Karol,96122589235,D1+E,8177
407,Solec,Marcin,94102843838,D+E,2367
408,Kowal,Franciszek,87102785533,D+E,3187
409,Kopczyk,Piotr,71102658038,D1+E,4700
410,Kot,Janusz,90111479032,D1,7840
411,Mularczyk,Franciszek,91101839630,D+E,5425
412,Stefanczyk,Rafal,87111775830,D1+E,8356
413,Jurek,Wlodzimierz,97122324931,D1+E,3170
414,Mularczyk,Jerzy,82102814738,D+E,2489
415,Solec,Emanuel,73111861837,D+E,3829
416,Oraniec,Janusz,73112880137,D1+E,3067
417,Stolarz,Piotr,83101649832,D+E,3390
418,Lubawski,Marek,74101388230,D1+E,4451
419,Stefanczyk,Karol,94101332631,D,8586
420,Rok,Michal,94111283338,D1,5384
421,Solec,Kornel,78112046131,D+E,3266
422,Warnenczyk,Rafal,87101293039,D,3618
423,Bialy,Aleksander,95103061436,D1,4769
424,Michnik,Aleksander,87121844338,D+E,4833
425,Warna,Wojciech,94101972033,D1,8147
426,Kolasa,Fryderyk,84101891235,D1+E,7106
427,Stefanczyk,Patryk,86101931238,D,7035
428,Gniewko,Wojciech,83121848833,D1+E,7224
429,Adamczyk,Fryderyk,76101032737,D1,8499
430,Skorek,Jerzy,95121527839,D1+E,4490
431,Piekarczyk,Wlodzimierz,98112074130,D+E,5523
432,Adamczyk,Wlodzimierz,83111817032,D1,5451
433,Kajetanowicz,Marek,75121027134,D1+E,2258
434,Asinski,Karol,98112614634,D1,6637
435,Matysiak,Kamil,72101748837,D+E,4153
436,Gniewko,Robert,92121732936,D,2795
437,Bialy,Janusz,78121575737,D1,4987
438,Kolasa,Robert,80122265138,D1,4739
439,Warna,Patryk,83111722936,D,8064
440,Kolasa,Fryderyk,90101320236,D+E,3512
441,Nosacz,Jaroslaw,90121033739,D,8007
442,Adamczyk,Dominik,95102279133,D,3760
443,Matysiak,Jaroslaw,79101659431,D1,6445
444,Michnik,Bartlomiej,88112137736,D1+E,8201
445,Skorek,Boleslaw,89122520432,D1,7516
446,Nosacz,Adam,74102136631,D+E,4712
447,Piekarczyk,Marian,79101367239,D,5311
448,Kowalski,Wlodzimierz,96111248332,D+E,2922
449,Lubawski,Janusz,78102170237,D1,3675
450,Matysiak,Piotr,74102361939,D1+E,5279
451,Matysiak,Adam,73122749339,D1,5627
452,Dolas,Adam,96102352832,D,4300
453,Stolarczyk,Rafal,89111974439,D1,4869
454,Banan,Patryk,97112656031,D1+E,6965
455,Adamczyk,Jerzy,71121629639,D1,6079
456,Matysiak,Miroslaw,86101252531,D1,6761
457,Warnenczyk,Emanuel,84112786837,D1+E,2292
458,Dolas,Emanuel,74102219538,D+E,4297
459,Kowal,Boleslaw,75102883735,D1+E,5005
460,Kajetanowicz,Fryderyk,81102648839,D,4800
461,Kopczyk,Miroslaw,73111023435,D1,8167
462,Kopczyk,Jerzy,83102474635,D+E,2390
463,Kopczyk,Bartlomiej,74122632335,D1+E,4149
464,Stolarczyk,Wlodzimierz,92111795033,D1+E,7528
465,Solec,Aleksander,92101918433,D+E,7129
466,Lubawski,Janusz,71121883430,D1+E,8723
467,Nosacz,Aleksander,85101068733,D1,7900
468,Mularczyk,Jerzy,87121466137,D1+E,5729
469,Dolas,Aleksander,83101098133,D1,6238
470,Warna,Fryderyk,86112126339,D+E,6484
471,Kajetanowicz,Michal,77111639532,D,6459
472,Kajetanowicz,Oliwier,84101240431,D1,7742
473,Asinski,Michal,98112448736,D1+E,8989
474,Matysiak,Aleksander,95121438637,D1+E,3090
475,Matysiak,Karol,84121255937,D,8323
476,Banan,Patryk,97122437630,D1,5467
477,Warnenczyk,Emanuel,89121422537,D1,2374
478,Banan,Dominik,84122780137,D1+E,2354
479,Banan,Janusz,70102573535,D1,2327
480,Solec,Emanuel,98121278436,D1,5389
481,Kopczyk,Wojciech,95121639332,D1+E,6155
482,Nosacz,Fryderyk,91111881532,D1,6894
483,Rok,Aleksander,74101387331,D1,7376
484,Warnenczyk,Janusz,81113049534,D+E,5059
485,Oraniec,Miroslaw,79121449930,D1,6946
486,Warnenczyk,Bartlomiej,76101516832,D,8056
487,Dolas,Bartlomiej,86102619735,D1+E,4781
488,Gniewko,Fryderyk,77121044439,D+E,8504
489,Stolarczyk,Franciszek,78101736637,D1,5546
490,Warnenczyk,Marcin,78122647636,D1+E,3179
491,Bialy,Kamil,89122696133,D1+E,7791
492,Kajetanowicz,Marcin,73111863431,D1+E,6768
493,Kajetanowicz,Janusz,90113016836,D1,6924
494,Stefanczyk,Aleksander,72111287735,D+E,2433
495,Gniewko,Franciszek,75103027833,D1+E,5103
496,Mularczyk,Andrzej,98112125032,D1,7163
497,Warnenczyk,Rafal,74111848830,D,6958
498,Banan,Dominik,96101918534,D1+E,5687
499,Oraniec,Janusz,75111880039,D+E,3902
500,Asinski,Rafal,83122763836,D+E,6507
501,Kopczyk,Marian,73111668536,D1+E,8110
502,Kolasa,Miroslaw,75111920437,D,3754
503,Jurek,Boleslaw,77101319636,D,8742
504,Kowal,Marian,85123063930,D+E,3062
505,Stolarz,Jaroslaw,73121347039,D+E,5614
506,Kajetanowicz,Janusz,83121195930,D1+E,2435
507,Michnik,Jerzy,92101872135,D,2921
508,Gniewko,Dominik,71102517734,D1+E,6760
509,Rok,Fryderyk,82101129232,D,6044
510,Warnenczyk,Andrzej,96112883136,D,8677
511,Piekarczyk,Jerzy,74101613539,D1+E,4855
512,Stefanczyk,Marek,85102624033,D1,5156
513,Warna,Robert,71102613637,D+E,5615
514,Nowak,Boleslaw,84101084430,D+E,6948
515,Stefanczyk,Aleksander,83111066039,D1+E,5795
516,Stolarczyk,Sebastian,89121489137,D1+E,4227
517,Solec,Patryk,89102059033,D1+E,6763
518,Piekarczyk,Franciszek,93111150138,D,2417
519,Asinski,Jaroslaw,93112233638,D,8558
520,Nowak,Bartlomiej,71112735331,D+E,8077
521,Rok,Aleksander,74102562534,D+E,8427
522,Michnik,Patryk,85111663930,D1+E,4460
523,Skorek,Wlodzimierz,80102686230,D,7609
524,Solec,Miroslaw,81122631239,D,2281
525,Solec,Kornel,89103037133,D1,7125
526,Piekarczyk,Michal,85122687530,D+E,6685
527,Michnik,Piotr,84102750936,D1,4034
528,Warna,Aleksander,72121862531,D+E,2765
529,Bialy,Jaroslaw,94121750730,D1+E,5463
530,Bialy,Rafal,75112498535,D1+E,6393
531,Skorek,Patryk,89102768633,D,2715
532,Asinski,Kornel,70121855932,D,6805
533,Matysiak,Emanuel,91123028233,D1,7068
534,Skorek,Franciszek,74121259439,D+E,2827
535,Matysiak,Kornel,76121594436,D,6722
536,Jurek,Bartlomiej,97111276338,D,7594
537,Bialy,Boleslaw,93121280739,D1,2589
538,Kowal,Marcin,78122485934,D+E,3516
539,Matysiak,Aleksander,77122714234,D+E,8783
540,Lubawski,Jaroslaw,74101276037,D1,7888
541,Kolasa,Dominik,89113017837,D1+E,3079
542,Jurek,Oliwier,90121625530,D,5272
543,Skorek,Fryderyk,83121194835,D+E,4729
544,Bialy,Andrzej,76101992938,D+E,4352
545,Kot,Wojciech,71111967431,D,3579
546,Mularczyk,Emanuel,93102280534,D,8828
547,Kolasa,Jerzy,85111138033,D1,2218
548,Stolarz,Andrzej,92121193135,D+E,6116
549,Nosacz,Aleksander,80122244532,D1,3694
550,Kopczyk,Patryk,71113051931,D1,7081
551,Michnik,Fryderyk,71121998638,D1,6950
552,Lubawski,Wlodzimierz,95121434339,D1,4135
553,Michnik,Patryk,77102537331,D1,5102
554,Solec,Adam,93102782839,D+E,2839
555,Kolasa,Marian,79102245437,D1+E,6051
556,Adamczyk,Emanuel,88111929534,D1+E,4310
557,Piekarczyk,Wlodzimierz,96111134932,D1,7664
558,Matysiak,Janusz,88101799639,D1+E,7797
559,Warna,Fryderyk,74112227330,D1+E,6891
560,Kajetanowicz,Piotr,86102827631,D1,8835
561,Stolarczyk,Adam,91102060630,D1+E,4451
562,Lubawski,Wlodzimierz,82101548537,D1,8136
563,Gniewko,Piotr,77102727431,D1,4485
564,Rok,Robert,90112952038,D1+E,5533
565,Oraniec,Karol,73121817837,D1+E,8484
566,Lubawski,Janusz,78112770634,D+E,4284
567,Nowak,Wlodzimierz,94122497033,D+E,3746
568,Gniewko,Piotr,80101220531,D+E,4855
569,Stolarz,Sebastian,71121819234,D1,8274
570,Stolarz,Jaroslaw,78122679638,D+E,3902
571,Mularczyk,Emanuel,71121365436,D1+E,6215
572,Asinski,Rafal,98112916235,D1+E,2513
573,Michnik,Kornel,90121591836,D1,3008
574,Stolarz,Miroslaw,78111448332,D1,6365
575,Stolarczyk,Marek,88101450931,D1,5937
576,Stolarczyk,Wlodzimierz,80101756839,D1+E,5122
577,Gniewko,Marek,82102839539,D1+E,5224
578,Gniewko,Sebastian,82102213436,D1,4352
579,Kowalski,Wojciech,86102326237,D+E,3020
580,Bialy,Fryderyk,77112848834,D1+E,2384
581,Gniewko,Karol,81121955339,D1,6637
582,Solec,Franciszek,77121633739,D,8650
583,Kowalski,Marek,78112233934,D1+E,6596
584,Kopczyk,Fryderyk,73112044731,D,8953
585,Dolas,Patryk,81121881033,D1,5759
586,Stefanczyk,Rafal,98112035938,D+E,3702
587,Kowalski,Kamil,84102398932,D1+E,2946
588,Banan,Sebastian,94121375032,D,3901
589,Nosacz,Kamil,96102286936,D+E,4598
590,Nosacz,Marcin,82102360939,D1+E,4472
591,Kowalski,Fryderyk,75112134637,D1,4572
592,Matysiak,Wlodzimierz,84121673835,D1+E,4035
593,Stefanczyk,Patryk,97111396038,D,4430
594,Michnik,Boleslaw,76122046936,D+E,5292
595,Warnenczyk,Andrzej,71122682831,D1+E,3890
596,Stolarczyk,Kamil,75101590734,D1,6263
597,Oraniec,Jerzy,82111641132,D1,2527
598,Kot,Wlodzimierz,88122419034,D1+E,6716
599,Matysiak,Karol,83101649630,D1,6037
600,Oraniec,Janusz,72102250134,D1,6819
601,Lubawski,Franciszek,95112394037,D,7477
602,Rok,Andrzej,82102398331,D1,3191
603,Kowal,Jerzy,96121539530,D1,7771
604,Banan,Rafal,87111251138,D1,8739
605,Kopczyk,Janusz,96111410835,D,7576
606,Oraniec,Wojciech,73111884631,D1+E,5026
607,Michnik,Rafal,94122433534,D1,3598
608,Kajetanowicz,Franciszek,96101995132,D,2214
609,Piekarczyk,Rafal,97112173232,D,4540
610,Warna,Marian,71121179535,D,6530
611,Michnik,Fryderyk,85112927433,D1+E,7256
612,Asinski,Rafal,80102345837,D,2329
613,Dolas,Dominik,98112012931,D+E,4957
614,Stolarz,Andrzej,71101324932,D1,7191
615,Oraniec,Robert,79102143836,D1,4649
616,Kot,Emanuel,94101247238,D,8242
617,Oraniec,Rafal,78122882133,D+E,2594
618,Rok,Boleslaw,97102617631,D1,3949
619,Stolarczyk,Jerzy,89122655733,D,3168
620,Oraniec,Michal,86102936735,D1+E,6646
621,Oraniec,Boleslaw,75111232437,D,5979
622,Asinski,Marian,94101593230,D1,3314
623,Jurek,Robert,80122032333,D1+E,6311
624,Stolarz,Aleksander,89123046031,D1+E,4762
625,Kowalski,Aleksander,98103012539,D1,5237
626,Banan,Boleslaw,81102258531,D,2920
627,Kopczyk,Piotr,73122281632,D,6214
628,Warnenczyk,Sebastian,71112642638,D,2999
629,Lubawski,Bartlomiej,75111927737,D1,6200
630,Lubawski,Piotr,76121355233,D,8577
631,Kowalski,Piotr,83122315631,D1+E,5386
632,Jurek,Kamil,93102879433,D+E,8790
633,Gniewko,Wojciech,71102363232,D+E,7824
634,Rok,Piotr,87101960030,D+E,3626
635,Rok,Andrzej,87101584034,D1+E,2609
636,Adamczyk,Marian,98101345837,D1+E,4808
637,Kowalski,Marek,71102120939,D1,6415
638,Kolasa,Fryderyk,93101048438,D1,6554
639,Stolarczyk,Boleslaw,83111280233,D1+E,2511
640,Kowalski,Wojciech,79121757836,D,5231
641,Kowalski,Robert,92121822835,D+E,5970
642,Banan,Adam,80101948832,D+E,6907
643,Kolasa,Robert,82121498437,D,2946
644,Skorek,Dominik,88111996032,D1,6302
645,Skorek,Jerzy,93102371837,D+E,3728
646,Kot,Karol,98101359835,D1,7586
647,Stefanczyk,Bartlomiej,92122771733,D,2996
648,Banan,Boleslaw,86102933132,D,6895
649,Jurek,Sebastian,76121969735,D1,3824
650,Piekarczyk,Kamil,92122435632,D,5603
651,Gniewko,Jerzy,80101274830,D1,3033
652,Rok,Robert,93102845830,D,6720
653,Stefanczyk,Franciszek,89101616934,D1+E,5891
654,Banan,Marian,71113070334,D1+E,2753
655,Adamczyk,Robert,77112195437,D1+E,5052
656,Gniewko,Miroslaw,75101269437,D+E,2699
657,Oraniec,Aleksander,86121860231,D+E,3557
658,Skorek,Boleslaw,88101388133,D1,5638
659,Warna,Miroslaw,72112777838,D,2617
660,Kowalski,Fryderyk,77102260936,D1+E,3059
661,Kopczyk,Wojciech,98111533434,D,6462
662,Kopczyk,Kornel,73112123839,D1+E,2624
663,Kajetanowicz,Boleslaw,89122014331,D+E,4501
664,Mularczyk,Michal,70122070134,D+E,2997
665,Stolarczyk,Karol,78111247036,D+E,5754
666,Warnenczyk,Piotr,95111182435,D+E,7009
667,Gniewko,Sebastian,86121626032,D+E,6565
668,Piekarczyk,Michal,81111858038,D1,3918
669,Dolas,Dominik,80101524031,D,7337
670,Nowak,Janusz,95111822531,D,7458
671,Mularczyk,Adam,81111016630,D1+E,6645
672,Banan,Miroslaw,84111075336,D1+E,2776
673,Nosacz,Marcin,81101584031,D1+E,2770
674,Kot,Miroslaw,72123017839,D1,2768
675,Rok,Janusz,91121289930,D+E,2321
676,Adamczyk,Aleksander,82102143830,D,5094
677,Nosacz,Janusz,93121062739,D,3946
678,Solec,Jerzy,90112567633,D+E,6539
679,Stolarz,Emanuel,74102732638,D1+E,7636
680,Solec,Rafal,84112598032,D+E,4881
681,Stefanczyk,Michal,92113054336,D1+E,7712
682,Jurek,Wlodzimierz,81122067731,D,3441
683,Kot,Adam,98112815635,D1,8226
684,Dolas,Janusz,78121812833,D1+E,6663
685,Nosacz,Robert,89122442432,D1,8562
686,Bialy,Bartlomiej,73123046833,D1+E,7267
687,Kowal,Wlodzimierz,79112337339,D+E,4040
688,Matysiak,Michal,93112329930,D1+E,8098
689,Matysiak,Kornel,96101373435,D,2817
690,Kot,Boleslaw,94122290637,D,4014
691,Solec,Jaroslaw,87122221738,D,2906
692,Kajetanowicz,Michal,77111394536,D1,2341
693,Warnenczyk,Marian,72101440435,D,7219
694,Skorek,Emanuel,81121828630,D1,5588
695,Piekarczyk,Dominik,74121336930,D1+E,8349
696,Michnik,Fryderyk,83102634934,D1,5803
697,Jurek,Emanuel,94122372936,D,6922
698,Skorek,Karol,82101252930,D1+E,2329
699,Bialy,Adam,70101947232,D+E,4045
700,Piekarczyk,Patryk,93122730831,D,5373
701,Rok,Marcin,73111828132,D1,4802
702,Mularczyk,Marian,74101037731,D,4110
703,Warnenczyk,Karol,84103020736,D+E,3679
704,Kajetanowicz,Piotr,73101795932,D1,6347
705,Mularczyk,Piotr,83121836639,D1,4213
706,Kot,Wojciech,76122685932,D1+E,5172
707,Kowal,Robert,73121292934,D+E,2251
708,Kowal,Aleksander,86121652931,D1,2802
709,Matysiak,Bartlomiej,75102828839,D,6240
710,Piekarczyk,Piotr,94102452335,D+E,4332
711,Stolarz,Miroslaw,91122210235,D1,3341
712,Banan,Oliwier,80111377836,D1+E,3425
713,Banan,Piotr,88102127330,D1,8139
714,Warna,Bartlomiej,74122691335,D1,4160
715,Mularczyk,Marian,90101771130,D1+E,3507
716,Kolasa,Fryderyk,73111377331,D+E,2543
717,Matysiak,Rafal,91101569734,D+E,4870
718,Bialy,Wlodzimierz,78112929733,D1,7598
719,Piekarczyk,Wlodzimierz,91112656937,D+E,6306
720,Banan,Jerzy,70112161230,D,6499
721,Michnik,Marek,80101647733,D,3298
722,Rok,Michal,93122077030,D+E,7341
723,Skorek,Oliwier,70122938331,D1,5853
724,Banan,Janusz,77103088137,D+E,3255
725,Kowalski,Robert,92122046637,D1,8296
726,Jurek,Oliwier,80111484230,D+E,8100
727,Jurek,Jerzy,83121762932,D+E,2520
728,Bialy,Kamil,94101866739,D,4530
729,Kowal,Franciszek,78121359735,D1,7034
730,Kopczyk,Patryk,78112142535,D1,5954
731,Skorek,Bartlomiej,73122382431,D1,4896
732,Kowal,Piotr,92102946733,D1+E,2622
733,Nosacz,Kamil,72122540934,D,4652
734,Gniewko,Wojciech,74101819632,D1+E,3260
735,Kopczyk,Kamil,82101678839,D1,5195
736,Adamczyk,Piotr,74122994832,D1+E,3968
737,Bialy,Franciszek,73121738839,D+E,7149
738,Kopczyk,Fryderyk,90101732831,D1+E,5567
739,Oraniec,Patryk,94102398437,D,5885
740,Stolarczyk,Boleslaw,81121145737,D,6949
741,Asinski,Kornel,83101249736,D+E,5308
742,Oraniec,Oliwier,74111859931,D1,2347
743,Warna,Sebastian,86112480532,D+E,4959
744,Stolarczyk,Kamil,80121356138,D1+E,5005
745,Matysiak,Marian,72113051734,D,2635
746,Mularczyk,Emanuel,72111253837,D+E,5978
747,Piekarczyk,Michal,84121228239,D1,8974
748,Warna,Aleksander,77102484436,D,4358
749,Solec,Patryk,91101626533,D,8200
750,Mularczyk,Andrzej,91121926838,D1+E,3627
751,Asinski,Franciszek,87111991835,D,2302
752,Kopczyk,Wlodzimierz,85111037233,D,8812
753,Stolarczyk,Bartlomiej,89112886838,D+E,8930
754,Warna,Janusz,85101998630,D1,8391
755,Kajetanowicz,Dominik,86112221839,D,7237
756,Lubawski,Michal,92112889038,D,6684
757,Stolarczyk,Andrzej,91111886537,D1,3590
758,Nowak,Emanuel,79101247237,D+E,8692
759,Piekarczyk,Andrzej,75102827631,D1+E,3304
760,Dolas,Wojciech,72112623038,D1,8159
761,Nowak,Piotr,78102834330,D1+E,4208
762,Lubawski,Wlodzimierz,91102935032,D1+E,4750
763,Michnik,Piotr,90111256839,D,2370
764,Adamczyk,Jerzy,77112920434,D,6754
765,Dolas,Fryderyk,77112169536,D+E,7414
766,Kolasa,Wlodzimierz,94121742230,D,3483
767,Kowal,Oliwier,86112296331,D,3394
768,Matysiak,Boleslaw,84101898531,D1+E,6556
769,Matysiak,Bartlomiej,90101229334,D1,8987
770,Warnenczyk,Fryderyk,81111591335,D1,6088
771,Rok,Sebastian,95121188133,D1+E,5340
772,Banan,Wlodzimierz,96112230639,D1+E,8689
773,Nowak,Aleksander,87121477936,D+E,7846
774,Gniewko,Kornel,84122327231,D,4304
775,Kopczyk,Emanuel,86112254339,D+E,3635
776,Nowak,Rafal,79111257535,D1+E,7176
777,Dolas,Marian,86123097930,D+E,3511
778,Warnenczyk,Michal,83111749434,D1,4191
779,Banan,Dominik,75121977238,D+E,7111
780,Dolas,Marek,95121635038,D+E,7595
781,Kowal,Wojciech,93101989535,D1,5604
782,Jurek,Robert,97111051532,D1+E,4370
783,Stefanczyk,Oliwier,90101468039,D+E,3908
784,Solec,Marian,70101126438,D1+E,6797
785,Nowak,Marcin,94101838239,D1+E,4419
786,Dolas,Andrzej,73121829931,D1,5056
787,Dolas,Karol,78101157434,D1,4788
788,Nosacz,Andrzej,76122846437,D,7658
789,Lubawski,Bartlomiej,72101430437,D,5796
790,Skorek,Andrzej,88121612235,D1,3906
791,Nowak,Boleslaw,84103071537,D1,2666
792,Kowal,Piotr,92122558337,D1,8998
793,Kot,Robert,70112221033,D1,7018
794,Stolarz,Kornel,72111091431,D1,4920
795,Warnenczyk,Dominik,84102929239,D1+E,4038
796,Kot,Marcin,96112122432,D,6312
797,Bialy,Adam,70112910331,D1,3357
798,Banan,Robert,98121774437,D,2602
799,Stefanczyk,Marek,74112940230,D1,2631
800,Jurek,Oliwier,75101553833,D1+E,2791
801,Jurek,Jaroslaw,96111491834,D1+E,4607
802,Banan,Marcin,84121310738,D1,8422
803,Dolas,Bartlomiej,77101950432,D+E,3341
804,Rok,Franciszek,86111897839,D+E,5688
805,Bialy,Karol,87112628530,D1+E,6582
806,Oraniec,Kamil,89123043536,D+E,3895
807,Kowalski,Bartlomiej,83101958032,D+E,5138
808,Kowal,Oliwier,91123010139,D+E,7508
809,Solec,Adam,92122027339,D+E,5090
810,Oraniec,Marek,89102748435,D,2929
811,Rok,Fryderyk,81102255538,D1,6459
812,Skorek,Aleksander,97111652632,D+E,3744
813,Rok,Wojciech,85102438339,D,8498
814,Stolarczyk,Sebastian,76112028133,D+E,5111
815,Jurek,Wojciech,91103010231,D,6100
816,Nowak,Andrzej,81112070735,D+E,5220
817,Asinski,Emanuel,77112957934,D1,6564
818,Nosacz,Miroslaw,85101218330,D1,2821
819,Stolarczyk,Bartlomiej,95122920530,D1,8698
820,Solec,Jerzy,77102232234,D1+E,4626
821,Piekarczyk,Jaroslaw,73111118337,D1+E,2513
822,Oraniec,Dominik,87121259036,D1+E,2516
823,Kowal,Adam,88101090036,D+E,5342
824,Asinski,Wojciech,74112018232,D,6792
825,Bialy,Michal,95121941835,D,3576
826,Kowalski,Wojciech,88122475233,D1,3572
827,Warna,Bartlomiej,72121748734,D,3963
828,Stolarczyk,Sebastian,96102845536,D+E,6242
829,Kot,Emanuel,98101766134,D,7113
830,Asinski,Oliwier,86111116430,D1+E,5105
831,Oraniec,Franciszek,79111846237,D+E,3956
832,Oraniec,Adam,76112665034,D1,5486
833,Nowak,Sebastian,94112337435,D+E,8613
834,Kot,Michal,98112113630,D,5777
835,Gniewko,Sebastian,91112937634,D1,3328
836,Stolarz,Kornel,83101547637,D1+E,7072
837,Nosacz,Rafal,74112649533,D1,7476
838,Nosacz,Andrzej,88122935431,D,8281
839,Nosacz,Dominik,90121546739,D+E,8225
840,Rok,Boleslaw,83101733032,D1+E,7304
841,Kot,Jerzy,95121526538,D,6584
842,Warnenczyk,Robert,72112581530,D,8967
843,Banan,Kornel,87113060533,D+E,2679
844,Jurek,Bartlomiej,97122836136,D1,8117
845,Kowalski,Michal,90111228635,D1,7525
846,Kajetanowicz,Sebastian,70112513033,D1,7179
847,Kolasa,Janusz,74101942231,D1,6730
848,Warna,Boleslaw,77113030232,D1,4536
849,Jurek,Michal,87111482734,D1,6138
850,Kowalski,Aleksander,70112871636,D1,4256
851,Bialy,Bartlomiej,74102930233,D1,3907
852,Piekarczyk,Andrzej,78112694130,D1,5640
853,Stolarczyk,Patryk,81121279538,D,3226
854,Mularczyk,Fryderyk,91121671937,D+E,4502
855,Nowak,Marcin,83121677530,D+E,6582
856,Dolas,Franciszek,98111281836,D1,5636
857,Jurek,Oliwier,89102267237,D+E,7283
858,Warnenczyk,Kornel,93101353637,D1+E,4783
859,Jurek,Karol,93122828230,D1,2487
860,Michnik,Marcin,98112378436,D+E,8108
861,Nowak,Marcin,75102895836,D,5743
862,Michnik,Bartlomiej,86121660337,D,2978
863,Michnik,Sebastian,98112625530,D1+E,2644
864,Stolarczyk,Sebastian,96103013834,D1+E,2740
865,Jurek,Franciszek,91121655330,D,2786
866,Kolasa,Wlodzimierz,72112835838,D1+E,4517
867,Oraniec,Michal,92113072339,D1+E,3271
868,Stolarz,Jaroslaw,75101831838,D+E,3125
869,Kot,Karol,95122371838,D1+E,2523
870,Piekarczyk,Aleksander,83112861834,D1+E,6554
871,Adamczyk,Aleksander,88121154136,D+E,8348
872,Gniewko,Kamil,98122462839,D1+E,7266
873,Lubawski,Kamil,77101862733,D+E,2819
874,Matysiak,Marek,72102588937,D+E,6996
875,Kopczyk,Jaroslaw,97111573937,D,3271
876,Bialy,Robert,96121943836,D1,6056
877,Kot,Dominik,80122155932,D,7803
878,Warnenczyk,Marcin,94122563837,D1,3729
879,Stolarz,Emanuel,78112295838,D1,4057
880,Gniewko,Marcin,94102461730,D1,8930
881,Stolarczyk,Patryk,94101130737,D1,3130
882,Lubawski,Patryk,92121336837,D+E,2208
883,Kopczyk,Oliwier,84112585632,D+E,3890
884,Oraniec,Wojciech,76121422031,D1,7331
885,Kopczyk,Jaroslaw,98112883039,D1+E,8403
886,Nowak,Oliwier,86112183733,D1+E,7237
887,Nosacz,Karol,90111253838,D,5133
888,Oraniec,Miroslaw,83112429633,D+E,5931
889,Kopczyk,Kamil,80101544732,D+E,7992
890,Solec,Robert,73111796932,D1+E,2298
891,Solec,Patryk,91101450930,D+E,7471
892,Mularczyk,Bartlomiej,84102548833,D1+E,6384
893,Matysiak,Karol,95111484531,D+E,6345
894,Banan,Miroslaw,97102323034,D,5386
895,Kowalski,Emanuel,91102041230,D1+E,7357
896,Kopczyk,Adam,73112329334,D,6785
897,Oraniec,Wlodzimierz,76102162432,D,6560
898,Skorek,Andrzej,73122389635,D,8091
899,Gniewko,Aleksander,92101140334,D1+E,7422
900,Gniewko,Oliwier,71112271631,D,7957
901,Skorek,Kornel,97111478936,D1,8077
902,Kowalski,Kornel,72111556036,D1+E,2512
903,Warna,Marian,83121185836,D1,6312
904,Stefanczyk,Rafal,84101463130,D,8116
905,Banan,Marcin,87102884135,D+E,3401
906,Kowal,Kornel,76101970938,D,7229
907,Warna,Fryderyk,87112163730,D+E,3467
908,Kowalski,Andrzej,79121189433,D,6731
909,Kolasa,Karol,71121421432,D+E,4807
910,Gniewko,Wlodzimierz,76121826438,D,2621
911,Lubawski,Marcin,74112038330,D,6020
912,Warna,Patryk,91101613137,D+E,4676
913,Stolarz,Marian,76113087534,D1+E,2418
914,Lubawski,Emanuel,98102354938,D1+E,5159
915,Warnenczyk,Jerzy,71121186432,D,2436
916,Bialy,Kornel,83101031631,D+E,4807
917,Piekarczyk,Kamil,72122773930,D,6392
918,Kajetanowicz,Boleslaw,90122875235,D1,3014
919,Nosacz,Wlodzimierz,70121047136,D,7566
920,Rok,Kornel,85102812333,D+E,5627
921,Nosacz,Adam,82121413534,D1+E,2295
922,Michnik,Franciszek,73111925336,D1+E,6109
923,Kowalski,Jerzy,96111263637,D1,5229
924,Nosacz,Bartlomiej,79112939835,D1,6383
925,Warnenczyk,Marian,88121313134,D1,3282
926,Skorek,Janusz,96112612734,D1,8993
927,Kopczyk,Kamil,72101918336,D+E,7380
928,Stolarz,Fryderyk,83101754831,D,7616
929,Asinski,Wojciech,78113083339,D,2219
930,Stefanczyk,Patryk,78102847337,D1,4661
931,Gniewko,Patryk,94122834937,D1,8999
932,Asinski,Marcin,89101120835,D1,8181
933,Kowal,Adam,94122017238,D1,8598
934,Kot,Bartlomiej,91121529832,D1+E,3527
935,Stolarczyk,Oliwier,73121782637,D,6418
936,Dolas,Bartlomiej,88102148833,D1,3175
937,Kowal,Boleslaw,96111820530,D,2422
938,Gniewko,Rafal,71121684337,D+E,8309
939,Bialy,Karol,80122398738,D,4780
940,Asinski,Andrzej,82102776139,D1+E,2944
941,Skorek,Kamil,84101596030,D1+E,7248
942,Kowal,Patryk,94122491837,D,2924
943,Bialy,Miroslaw,91102989331,D,3651
944,Kowalski,Rafal,81102849734,D,4655
945,Kolasa,Dominik,81121180139,D+E,8821
946,Warnenczyk,Miroslaw,72112753037,D+E,3832
947,Skorek,Adam,72121012637,D1,2705
948,Banan,Marek,75122527637,D,3396
949,Kopczyk,Kamil,77111443138,D1,2491
950,Kot,Patryk,92102185633,D1,6245
951,Asinski,Bartlomiej,87121174436,D+E,5402
952,Mularczyk,Emanuel,87111868436,D1,4547
953,Warnenczyk,Boleslaw,86101610437,D+E,6512
954,Nowak,Emanuel,79102742330,D1,2887
955,Rok,Boleslaw,71102756738,D,4433
956,Michnik,Oliwier,93122824336,D,4471
957,Banan,Jerzy,81112299133,D1,7245
958,Solec,Marek,87111869636,D1+E,5996
959,Banan,Marcin,80101417036,D1,7860
960,Solec,Michal,98112727437,D1,3281
961,Kajetanowicz,Boleslaw,75112887433,D1,5989
962,Skorek,Adam,97102634332,D1+E,2351
963,Stolarczyk,Bartlomiej,72102866133,D+E,8736
964,Kot,Wlodzimierz,83101568336,D+E,3726
965,Mularczyk,Jaroslaw,76121612831,D+E,6104
966,Skorek,Robert,86112549836,D,4469
967,Dolas,Piotr,80111814537,D+E,4718
968,Kowalski,Marcin,85111781939,D,3096
969,Nowak,Karol,88121652631,D1,6280
970,Bialy,Franciszek,77111045931,D1+E,2249
971,Nowak,Marek,97101937635,D1+E,8201
972,Bialy,Rafal,96101542238,D+E,8845
973,Stefanczyk,Fryderyk,92111536835,D,6775
974,Adamczyk,Robert,84102259236,D1+E,4808
975,Kot,Wlodzimierz,90101596731,D1+E,2610
976,Lubawski,Piotr,85101323833,D+E,2598
977,Kolasa,Janusz,77111313533,D,6080
978,Piekarczyk,Karol,82101251435,D1+E,7675
979,Mularczyk,Andrzej,78122784238,D1+E,4861
980,Kajetanowicz,Boleslaw,97121017335,D,5660
981,Jurek,Andrzej,83122234838,D1+E,5955
982,Nosacz,Jaroslaw,85111385735,D1,4626
983,Adamczyk,Michal,92121017938,D+E,7260
984,Oraniec,Boleslaw,89113013439,D+E,3770
985,Nowak,Kamil,87111916735,D+E,4139
986,Dolas,Michal,83121711136,D+E,8536
987,Kopczyk,Marek,92112964134,D1+E,8284
988,Lubawski,Adam,71112773435,D,7857
989,Warnenczyk,Kamil,78121352539,D1,3828
990,Jurek,Kornel,75102475130,D1,3301
991,Kot,Kamil,93102369832,D+E,8166
992,Rok,Jerzy,77111858434,D,6074
993,Skorek,Boleslaw,82123025137,D,4984
994,Banan,Marcin,89102256133,D1+E,6366
995,Piekarczyk,Rafal,74102681032,D1,8700
996,Mularczyk,Franciszek,80102992832,D1+E,2267
997,Kowal,Emanuel,73102127639,D+E,5961
998,Warnenczyk,Boleslaw,93102044331,D+E,2549
999,Asinski,Jerzy,92112152634,D1+E,6325
1000,Matysiak,Marcin,98102391536,D,6186
