1,SOLARIS,PSC,8794,186,40
2,IVECO,JPG,7391,204,40
3,MERCEDES-BENZ,2500,8391,298,40
4,MAN SE,MKS 200,7550,279,40
5,DAEWOO,JPG,9862,250,40
6,VOLKSWAGEN,VIA3,8698,286,40
7,IVECO,MKS 200,7614,193,40
8,DAEWOO,PSC,9685,248,40
9,KIA,CSS,7344,195,40
10,MAN SE,JS 200,9081,278,40
11,MERCEDES-BENZ,PNG,9256,289,40
12,DAEWOO,511 HD,7401,252,40
13,KIA,CRA 234,7864,247,40
14,NEOPLAN,JPG,7524,228,40
15,SETRA,VIA3,7470,270,40
16,KIA,GDW,9224,269,40
17,DAEWOO,2500,9324,184,40
18,MERCEDES-BENZ,CSS,9801,283,40
19,SETRA,MKS 200,7141,199,40
20,NEOPLAN,GDW,9839,288,40
21,MAN SE,JS 200,9420,228,40
22,MERCEDES-BENZ,FBA 2,8379,294,40
23,MAN SE,CRA 234,7152,185,40
24,IVECO,POL 123,9878,239,40
25,DAEWOO,2500,7891,224,40
26,MAN SE,CRA 234,8134,225,40
27,MAN SE,JPG,7571,225,40
28,MAN SE,KTW 200,8413,245,40
29,VOLKSWAGEN,VOL 500,8372,305,40
30,MAN SE,PSC,7112,208,40
31,VOLVO,7900,7756,318,40
32,MERCEDES-BENZ,PSC,7576,297,40
33,IVECO,PNG,7985,186,40
34,SETRA,2500,7087,247,40
35,VOLKSWAGEN,S13,7212,195,40
36,DAEWOO,GFR 6,7758,229,40
37,MERCEDES-BENZ,LESD 1200,9480,303,40
38,SETRA,CRA 234,9475,278,40
39,MAN SE,CRA 234,8838,309,40
40,KIA,2500,9857,235,40
41,NEOPLAN,JPG,8058,271,40
42,VOLKSWAGEN,JS 200,7635,260,40
43,VOLKSWAGEN,VIA3,7323,211,40
44,VOLKSWAGEN,WTC 23,7904,198,40
45,SOLARIS,POL 123,8979,295,40
46,SETRA,FBA 2,8238,186,40
47,SETRA,P22,8084,244,40
48,MAN SE,LESD 1200,9242,206,40
49,SOLARIS,CSS,7070,226,40
50,KIA,VIA3,9381,227,40
51,VOLKSWAGEN,PNG,9008,286,40
52,VOLKSWAGEN,CPP,7177,248,40
53,VOLKSWAGEN,PSC,8223,237,40
54,SETRA,CSS,7788,289,40
55,IVECO,P22,7446,204,40
56,MERCEDES-BENZ,WFP,8148,192,40
57,MERCEDES-BENZ,GDW,9099,244,40
58,NEOPLAN,PNG,7320,303,40
59,DAEWOO,FBA 2,7216,202,40
60,MERCEDES-BENZ,GDW,8330,300,40
61,MERCEDES-BENZ,VIA3,9070,220,40
62,MERCEDES-BENZ,VOL 500,8236,315,40
63,SETRA,FBA 2,7333,292,40
64,VOLVO,PNG,9334,307,40
65,MAN SE,POL 123,7654,315,40
66,KIA,WTC 23,7534,213,40
67,NEOPLAN,GFR 6,7820,244,40
68,IVECO,2500,7469,185,40
69,MAN SE,P22,9468,244,40
70,SOLARIS,POL 123,7989,213,40
71,SETRA,GDW,7475,241,40
72,SOLARIS,GDW,8912,210,40
73,SETRA,VIA3,9206,253,40
74,SOLARIS,VOL 500,9458,244,40
75,KIA,S13,7307,211,40
76,DAEWOO,LESD 1200,7698,235,40
77,VOLVO,FBA 2,9053,249,40
78,SOLARIS,2500,7507,181,40
79,NEOPLAN,MKS 200,8633,257,40
80,MERCEDES-BENZ,KTW 200,9463,232,40
81,MAN SE,WTC 23,9130,291,40
82,IVECO,MKS 200,7064,194,40
83,MAN SE,CRA 234,8998,209,40
84,SETRA,PNG,9560,187,40
85,NEOPLAN,FBA 2,9353,255,40
86,VOLVO,511 HD,8779,299,40
87,KIA,GDW,7458,314,40
88,NEOPLAN,MKS 200,7776,275,40
89,VOLVO,LESD 1200,9634,207,40
90,VOLKSWAGEN,JPG,7125,255,40
91,IVECO,CRA 234,9203,251,40
92,SETRA,VIA3,9323,249,40
93,IVECO,S13,7455,301,40
94,VOLKSWAGEN,LESD 1200,9188,303,40
95,SOLARIS,GFR 6,9148,241,40
96,DAEWOO,WFP,8828,264,40
97,SETRA,CSS,7629,221,40
98,DAEWOO,CSS,9237,300,40
99,NEOPLAN,FBA 2,9021,319,40
100,SOLARIS,LESD 1200,7022,233,40
101,DAEWOO,PNG,9653,257,40
102,MAN SE,P22,8171,290,40
103,VOLKSWAGEN,FBA 2,8992,257,40
104,NEOPLAN,WFP,7188,288,40
105,SOLARIS,VIA3,7716,270,40
106,SETRA,7900,7206,256,40
107,KIA,GDW,8014,249,40
108,VOLKSWAGEN,S13,7122,280,40
109,KIA,GDW,9628,209,40
110,MAN SE,LESD 1200,9593,269,40
111,NEOPLAN,CPP,7065,181,40
112,IVECO,POL 123,8181,319,40
113,IVECO,GDW,7488,283,40
114,KIA,CPP,8826,240,40
115,SOLARIS,POL 123,7105,292,40
116,IVECO,PNG,9483,190,40
117,KIA,FBA 2,9408,182,40
118,VOLVO,P22,9813,240,40
119,VOLKSWAGEN,KTW 200,9752,247,40
120,SOLARIS,VIA3,8245,264,40
121,MERCEDES-BENZ,KTW 200,8467,297,40
122,SOLARIS,FBA 2,7722,223,40
123,VOLKSWAGEN,511 HD,9436,302,40
124,KIA,511 HD,7642,292,40
125,MERCEDES-BENZ,WNP,8298,255,40
126,VOLKSWAGEN,511 HD,7243,314,40
127,SETRA,WTC 23,8250,180,40
128,SOLARIS,PSC,8439,282,40
129,MERCEDES-BENZ,PNG,8595,287,40
130,VOLKSWAGEN,JPG,7425,228,40
131,SOLARIS,JPG,7577,238,40
132,DAEWOO,KTW 200,7613,317,40
133,DAEWOO,LESD 1200,8678,188,40
134,MERCEDES-BENZ,2500,8483,314,40
135,SETRA,KTW 200,8435,317,40
136,SOLARIS,PNG,7594,273,40
137,NEOPLAN,VOL 500,9219,309,40
138,MAN SE,JPG,9758,187,40
139,MERCEDES-BENZ,VOL 500,7393,197,40
140,SETRA,WNP,9417,192,40
141,IVECO,CRA 234,9675,301,40
142,KIA,GDW,8011,253,40
143,VOLKSWAGEN,511 HD,8845,229,40
144,SETRA,LESD 1200,9495,184,40
145,KIA,PNG,7772,187,40
146,SOLARIS,GFR 6,7324,310,40
147,NEOPLAN,WFP,8795,241,40
148,VOLKSWAGEN,2500,7283,230,40
149,MAN SE,PNG,9403,233,40
150,VOLVO,PNG,9018,198,40
151,SOLARIS,LESD 1200,9376,302,40
152,VOLVO,PSC,9564,188,40
153,IVECO,CRA 234,9184,303,40
154,MAN SE,CRA 234,7573,208,40
155,NEOPLAN,7900,7580,314,40
156,SETRA,LESD 1200,7386,230,40
157,IVECO,MKS 200,9385,180,40
158,SETRA,JS 200,7519,208,40
159,NEOPLAN,GFR 6,7201,180,40
160,DAEWOO,JPG,9365,194,40
161,NEOPLAN,2500,9523,273,40
162,MAN SE,VIA3,9261,193,40
163,MAN SE,7900,7239,213,40
164,MAN SE,KTW 200,9581,299,40
165,KIA,VIA3,7557,277,40
166,SETRA,511 HD,8241,199,40
167,MERCEDES-BENZ,CRA 234,7513,293,40
168,KIA,CSS,8757,192,40
169,KIA,WTC 23,9453,217,40
170,KIA,LESD 1200,9770,233,40
171,SETRA,WFP,8009,212,40
172,VOLVO,PNG,7074,255,40
173,KIA,S13,9879,231,40
174,DAEWOO,VOL 500,8737,248,40
175,NEOPLAN,CSS,9020,220,40
176,IVECO,WFP,7941,310,40
177,VOLKSWAGEN,JPG,9812,189,40
178,VOLVO,MKS 200,7679,234,40
179,DAEWOO,PNG,9114,295,40
180,VOLVO,7900,7916,194,40
181,DAEWOO,CSS,7979,224,40
182,SETRA,JS 200,7756,230,40
183,VOLVO,2500,8037,267,40
184,NEOPLAN,LESD 1200,7457,273,40
185,MERCEDES-BENZ,WTC 23,9568,185,40
186,SOLARIS,P22,7708,267,40
187,IVECO,PNG,9428,272,40
188,VOLVO,POL 123,8036,319,40
189,DAEWOO,PNG,7641,204,40
190,MERCEDES-BENZ,2500,7288,269,40
191,MERCEDES-BENZ,LESD 1200,9753,200,40
192,MERCEDES-BENZ,P22,9042,309,40
193,SETRA,WNP,8197,251,40
194,SOLARIS,WTC 23,9118,282,40
195,SETRA,KTW 200,8857,259,40
196,IVECO,LESD 1200,8320,318,40
197,SETRA,GDW,7831,314,40
198,DAEWOO,MKS 200,7619,229,40
199,DAEWOO,S13,7931,201,40
200,SETRA,GDW,9828,246,40
201,DAEWOO,WNP,9434,232,40
202,DAEWOO,GFR 6,8275,256,40
203,VOLKSWAGEN,WTC 23,7809,225,40
204,SOLARIS,KTW 200,7092,244,40
205,NEOPLAN,511 HD,8024,184,40
206,VOLKSWAGEN,511 HD,7330,197,40
207,SOLARIS,JS 200,9299,308,40
208,IVECO,LESD 1200,7616,302,40
209,VOLKSWAGEN,P22,9346,189,40
210,VOLVO,LESD 1200,7163,241,40
211,SETRA,WTC 23,7726,245,40
212,MAN SE,JPG,7961,254,40
213,MERCEDES-BENZ,PNG,7009,226,40
214,DAEWOO,PNG,7389,196,40
215,VOLKSWAGEN,GFR 6,7442,185,40
216,VOLKSWAGEN,FBA 2,7735,210,40
217,SETRA,P22,9449,267,40
218,NEOPLAN,GDW,8631,260,40
219,SETRA,GDW,9700,222,40
220,NEOPLAN,JPG,7887,221,40
221,SOLARIS,CPP,9554,314,40
222,VOLVO,WFP,7056,214,40
223,DAEWOO,JPG,9767,311,40
224,MERCEDES-BENZ,WFP,9524,290,40
225,SOLARIS,CRA 234,8203,264,40
226,IVECO,GDW,9212,185,40
227,VOLVO,MKS 200,7149,250,40
228,MERCEDES-BENZ,WFP,7070,207,40
229,MERCEDES-BENZ,VOL 500,9330,257,40
230,VOLKSWAGEN,VIA3,8835,265,40
231,NEOPLAN,GFR 6,8497,197,40
232,MERCEDES-BENZ,CSS,7387,292,40
233,VOLVO,P22,7804,201,40
234,DAEWOO,VIA3,8676,311,40
235,SETRA,WTC 23,9358,193,40
236,SETRA,CSS,8954,243,40
237,DAEWOO,VIA3,8883,201,40
238,SOLARIS,VOL 500,9766,300,40
239,VOLKSWAGEN,MKS 200,8487,284,40
240,KIA,VOL 500,9716,188,40
241,NEOPLAN,CRA 234,7391,317,40
242,VOLVO,JS 200,7993,246,40
243,MAN SE,POL 123,8383,189,40
244,MAN SE,511 HD,9473,241,40
245,SETRA,511 HD,8033,255,40
246,SETRA,GFR 6,8946,293,40
247,NEOPLAN,7900,8441,185,40
248,SOLARIS,7900,9881,310,40
249,KIA,MKS 200,9511,198,40
250,IVECO,VOL 500,8472,244,40
251,VOLVO,CSS,8388,234,40
252,NEOPLAN,2500,8992,276,40
253,SOLARIS,2500,8294,271,40
254,VOLVO,VIA3,7852,298,40
255,VOLKSWAGEN,MKS 200,7237,190,40
256,NEOPLAN,FBA 2,8250,251,40
257,SETRA,CSS,9369,270,40
258,SETRA,JPG,8861,215,40
259,IVECO,MKS 200,7909,201,40
260,MERCEDES-BENZ,511 HD,7884,193,40
261,KIA,KTW 200,8980,320,40
262,MAN SE,7900,7448,221,40
263,SOLARIS,JS 200,8015,296,40
264,VOLVO,7900,7247,249,40
265,VOLKSWAGEN,GFR 6,8147,308,40
266,KIA,WFP,9105,260,40
267,VOLKSWAGEN,KTW 200,7704,188,40
268,IVECO,WTC 23,9766,227,40
269,DAEWOO,KTW 200,8195,271,40
270,IVECO,KTW 200,9561,275,40
271,DAEWOO,CRA 234,8291,302,40
272,VOLKSWAGEN,7900,8778,196,40
273,DAEWOO,LESD 1200,8388,191,40
274,KIA,GDW,9488,250,40
275,MAN SE,MKS 200,9889,285,40
276,VOLVO,WFP,9031,240,40
277,VOLKSWAGEN,CRA 234,7122,185,40
278,IVECO,CRA 234,7987,242,40
279,VOLVO,MKS 200,7796,225,40
280,VOLVO,JS 200,9287,264,40
281,DAEWOO,2500,8725,302,40
282,MAN SE,GFR 6,7735,305,40
283,SETRA,MKS 200,7198,238,40
284,VOLVO,JPG,7931,287,40
285,MAN SE,FBA 2,8302,203,40
286,DAEWOO,GFR 6,8138,269,40
287,SOLARIS,VOL 500,7626,190,40
288,VOLKSWAGEN,GDW,8458,221,40
289,IVECO,S13,7765,285,40
290,SOLARIS,POL 123,9426,257,40
291,SETRA,POL 123,7044,269,40
292,MAN SE,PSC,7343,276,40
293,DAEWOO,WTC 23,7465,318,40
294,DAEWOO,P22,7389,297,40
295,MERCEDES-BENZ,POL 123,7337,287,40
296,MERCEDES-BENZ,WFP,8889,200,40
297,MERCEDES-BENZ,S13,8578,203,40
298,IVECO,CPP,7163,299,40
299,IVECO,PSC,9499,310,40
300,SOLARIS,GDW,9011,223,40
301,KIA,GDW,7834,294,40
302,KIA,P22,8931,319,40
303,SETRA,POL 123,7516,181,40
304,KIA,POL 123,8042,242,40
305,IVECO,POL 123,7222,223,40
306,VOLKSWAGEN,WNP,8063,253,40
307,DAEWOO,7900,7294,320,40
308,SOLARIS,P22,8690,224,40
309,SETRA,FBA 2,7005,199,40
310,NEOPLAN,FBA 2,7588,184,40
311,SETRA,PNG,7214,319,40
312,NEOPLAN,CSS,9194,242,40
313,KIA,2500,7776,201,40
314,SETRA,POL 123,7451,303,40
315,MERCEDES-BENZ,2500,8696,277,40
316,DAEWOO,JPG,8803,283,40
317,DAEWOO,POL 123,9408,208,40
318,VOLVO,P22,7230,240,40
319,VOLVO,VIA3,8884,185,40
320,IVECO,GDW,9302,315,40
321,KIA,JPG,8691,182,40
322,MAN SE,S13,9038,201,40
323,VOLKSWAGEN,7900,7117,185,40
324,VOLKSWAGEN,PSC,7500,231,40
325,DAEWOO,CSS,9560,183,40
326,VOLKSWAGEN,FBA 2,9164,239,40
327,SETRA,GDW,9025,186,40
328,SOLARIS,GDW,7706,261,40
329,MAN SE,CRA 234,7738,180,40
330,KIA,CSS,7641,319,40
331,SETRA,PSC,9461,208,40
332,KIA,PNG,7885,318,40
333,MAN SE,511 HD,7627,258,40
334,KIA,CPP,7194,238,30
335,MAN SE,CPP,7871,219,30
336,MAN SE,7900,7517,214,30
337,IVECO,POL 123,7808,257,30
338,NEOPLAN,WFP,7980,258,30
339,MERCEDES-BENZ,2500,9819,311,30
340,VOLKSWAGEN,VOL 500,8787,306,30
341,VOLVO,CRA 234,9224,257,30
342,SOLARIS,2500,7064,317,30
343,MAN SE,P22,7545,258,30
344,VOLKSWAGEN,CRA 234,8754,188,30
345,SOLARIS,JS 200,9393,219,30
346,SOLARIS,2500,9838,266,30
347,KIA,WNP,7929,283,30
348,KIA,P22,7001,237,30
349,NEOPLAN,GDW,7680,304,30
350,NEOPLAN,WNP,8202,212,30
351,MAN SE,LESD 1200,8630,274,30
352,SOLARIS,CPP,7361,193,30
353,VOLKSWAGEN,JS 200,7360,315,30
354,NEOPLAN,JS 200,9056,301,30
355,IVECO,WNP,8978,247,30
356,MERCEDES-BENZ,POL 123,8694,258,30
357,MAN SE,VOL 500,8103,296,30
358,SETRA,WTC 23,8001,302,30
359,MERCEDES-BENZ,CPP,7272,317,30
360,MAN SE,CRA 234,7797,318,30
361,VOLKSWAGEN,CRA 234,9214,256,30
362,NEOPLAN,P22,7283,205,30
363,DAEWOO,511 HD,7583,262,30
364,IVECO,7900,9629,286,30
365,NEOPLAN,KTW 200,9116,292,30
366,MERCEDES-BENZ,P22,9469,229,30
367,SOLARIS,WNP,7304,259,30
368,IVECO,PSC,8729,196,30
369,SOLARIS,LESD 1200,8786,253,30
370,MERCEDES-BENZ,PSC,8225,236,30
371,VOLVO,GDW,8755,215,30
372,MAN SE,VOL 500,7619,206,30
373,SETRA,WFP,9850,288,30
374,NEOPLAN,2500,7777,304,30
375,NEOPLAN,LESD 1200,7595,282,30
376,VOLVO,KTW 200,8306,216,30
377,MERCEDES-BENZ,WFP,8458,286,30
378,SETRA,VIA3,9598,309,30
379,VOLVO,POL 123,9504,185,30
380,VOLVO,2500,9523,234,30
381,VOLKSWAGEN,FBA 2,7563,222,30
382,MAN SE,PSC,7472,186,30
383,KIA,PSC,8902,192,30
384,SOLARIS,KTW 200,9635,252,30
385,KIA,JS 200,8215,304,30
386,SETRA,PSC,8798,277,30
387,NEOPLAN,LESD 1200,9389,188,30
388,VOLKSWAGEN,CSS,8363,187,30
389,MERCEDES-BENZ,CSS,8723,221,30
390,IVECO,P22,7305,206,30
391,NEOPLAN,JPG,8398,244,30
392,SETRA,PSC,9500,260,30
393,IVECO,S13,8217,248,30
394,SETRA,JS 200,7122,186,30
395,VOLVO,2500,8473,262,30
396,NEOPLAN,511 HD,7591,214,30
397,MAN SE,POL 123,8371,211,30
398,NEOPLAN,POL 123,9271,292,30
399,MAN SE,VOL 500,7522,206,30
400,DAEWOO,2500,7072,304,30
401,MAN SE,KTW 200,7085,281,30
402,SETRA,7900,8447,273,30
403,DAEWOO,WFP,9568,246,30
404,DAEWOO,WFP,9281,263,30
405,SOLARIS,VIA3,9566,252,30
406,SETRA,JS 200,9045,258,30
407,IVECO,7900,9071,264,30
408,IVECO,CPP,9046,214,30
409,DAEWOO,CPP,7702,221,30
410,IVECO,P22,8619,263,30
411,IVECO,WTC 23,7284,309,30
412,KIA,GFR 6,7148,191,30
413,NEOPLAN,CRA 234,8026,231,30
414,MERCEDES-BENZ,KTW 200,7256,219,30
415,KIA,VIA3,7317,206,30
416,SOLARIS,WFP,8615,239,30
417,MERCEDES-BENZ,GDW,8183,192,30
418,VOLKSWAGEN,VIA3,7581,213,30
419,NEOPLAN,511 HD,8343,305,30
420,IVECO,CSS,8561,301,30
421,IVECO,PNG,8349,227,30
422,KIA,JS 200,8107,288,30
423,VOLKSWAGEN,GDW,7453,264,30
424,VOLKSWAGEN,CSS,7351,258,30
425,VOLVO,GFR 6,7147,284,30
426,DAEWOO,GDW,9374,261,30
427,SOLARIS,FBA 2,8894,224,30
428,MERCEDES-BENZ,2500,7913,215,30
429,SETRA,JS 200,8978,285,30
430,VOLVO,WNP,9675,204,30
431,MERCEDES-BENZ,LESD 1200,7330,270,30
432,SETRA,JPG,7500,284,30
433,VOLVO,WFP,8333,301,30
434,MAN SE,2500,9676,228,30
435,KIA,PSC,7304,221,30
436,MAN SE,WNP,7455,224,30
437,DAEWOO,GFR 6,9058,220,30
438,VOLKSWAGEN,LESD 1200,8996,209,30
439,IVECO,VIA3,7878,277,30
440,KIA,JPG,7556,295,30
441,KIA,WTC 23,7809,292,30
442,IVECO,CSS,7405,185,30
443,KIA,JS 200,7062,218,30
444,KIA,JPG,7730,193,30
445,NEOPLAN,2500,7711,262,30
446,VOLKSWAGEN,MKS 200,8917,257,30
447,VOLKSWAGEN,JS 200,7627,219,30
448,MAN SE,MKS 200,8399,183,30
449,VOLVO,7900,9136,248,30
450,DAEWOO,VIA3,8480,308,30
451,KIA,S13,8404,246,30
452,NEOPLAN,GDW,8768,292,30
453,IVECO,2500,9709,216,30
454,MERCEDES-BENZ,GDW,9724,298,30
455,KIA,FBA 2,9043,195,30
456,SETRA,POL 123,9207,283,30
457,VOLKSWAGEN,LESD 1200,7020,267,30
458,MERCEDES-BENZ,JPG,7556,207,30
459,SETRA,POL 123,9694,246,30
460,MAN SE,P22,8034,317,30
461,SOLARIS,511 HD,8721,276,30
462,IVECO,511 HD,9141,191,30
463,MERCEDES-BENZ,WFP,9294,271,30
464,DAEWOO,WFP,7450,305,30
465,MERCEDES-BENZ,CSS,7415,298,30
466,SOLARIS,7900,7470,301,30
467,VOLKSWAGEN,MKS 200,7429,266,30
468,SETRA,GDW,7093,315,30
469,VOLVO,P22,9341,290,30
470,IVECO,VIA3,8992,185,30
471,VOLKSWAGEN,WTC 23,8624,194,30
472,VOLVO,JPG,9645,264,30
473,KIA,VIA3,7750,260,30
474,DAEWOO,2500,9031,302,30
475,NEOPLAN,PSC,7646,293,30
476,VOLVO,PSC,9566,269,30
477,NEOPLAN,WTC 23,8491,273,30
478,SOLARIS,CSS,7683,214,30
479,DAEWOO,KTW 200,8638,302,30
480,VOLKSWAGEN,P22,9327,199,30
481,DAEWOO,JPG,9716,233,30
482,SOLARIS,GDW,7055,196,30
483,VOLKSWAGEN,2500,7521,252,30
484,SETRA,PNG,7280,272,30
485,MAN SE,POL 123,7686,231,30
486,VOLVO,VOL 500,7715,262,30
487,VOLKSWAGEN,WFP,8218,249,30
488,MAN SE,MKS 200,7560,281,30
489,VOLKSWAGEN,JPG,9376,238,30
490,KIA,511 HD,8829,305,30
491,MAN SE,VOL 500,7636,259,30
492,MERCEDES-BENZ,KTW 200,9148,269,30
493,MERCEDES-BENZ,S13,9472,254,30
494,VOLKSWAGEN,POL 123,7843,224,30
495,MERCEDES-BENZ,CPP,7604,193,30
496,VOLKSWAGEN,MKS 200,8120,201,30
497,MERCEDES-BENZ,JS 200,7058,317,30
498,SETRA,WNP,7807,266,30
499,DAEWOO,KTW 200,7036,286,30
500,VOLVO,LESD 1200,9393,312,30
501,MAN SE,GDW,7012,310,30
502,MAN SE,KTW 200,7494,215,30
503,NEOPLAN,CRA 234,9258,255,30
504,MERCEDES-BENZ,511 HD,8137,234,30
505,KIA,WTC 23,8210,196,30
506,IVECO,2500,7012,192,30
507,DAEWOO,LESD 1200,8698,184,30
508,DAEWOO,POL 123,9236,251,30
509,NEOPLAN,JS 200,7291,307,30
510,MAN SE,GDW,9859,233,30
511,SOLARIS,7900,9157,188,30
512,NEOPLAN,CSS,9692,229,30
513,VOLKSWAGEN,VIA3,9749,275,30
514,MERCEDES-BENZ,PSC,7236,246,30
515,SOLARIS,2500,8257,197,30
516,VOLVO,WNP,9051,271,30
517,IVECO,511 HD,7052,259,30
518,VOLVO,GDW,8055,267,30
519,MERCEDES-BENZ,LESD 1200,7540,245,30
520,SOLARIS,7900,9737,308,30
521,DAEWOO,PSC,8242,270,30
522,DAEWOO,WNP,7567,276,30
523,VOLVO,511 HD,8515,278,30
524,NEOPLAN,GDW,9551,239,30
525,MERCEDES-BENZ,KTW 200,9015,319,30
526,NEOPLAN,POL 123,7142,250,30
527,DAEWOO,PNG,7725,222,30
528,KIA,S13,8991,197,30
529,SETRA,PNG,7949,287,30
530,IVECO,FBA 2,7102,294,30
531,KIA,MKS 200,9544,209,30
532,NEOPLAN,CPP,8034,299,30
533,DAEWOO,WNP,9745,265,30
534,NEOPLAN,JPG,8432,273,30
535,SOLARIS,KTW 200,9443,251,30
536,VOLKSWAGEN,KTW 200,8843,234,30
537,VOLKSWAGEN,GFR 6,7829,201,30
538,IVECO,JS 200,9368,250,30
539,SOLARIS,VIA3,9023,272,30
540,KIA,PNG,8793,309,30
541,SOLARIS,PNG,8556,294,30
542,IVECO,JPG,7775,230,30
543,SOLARIS,KTW 200,7131,315,30
544,MAN SE,CPP,9835,247,30
545,SETRA,FBA 2,9064,276,30
546,NEOPLAN,VOL 500,9528,287,30
547,NEOPLAN,S13,9420,237,30
548,DAEWOO,FBA 2,7761,234,30
549,MERCEDES-BENZ,JPG,7307,288,30
550,MERCEDES-BENZ,WTC 23,9206,315,30
551,NEOPLAN,WNP,7861,252,30
552,NEOPLAN,WFP,7046,225,30
553,VOLVO,POL 123,9249,265,30
554,VOLVO,WNP,9744,316,30
555,NEOPLAN,KTW 200,9093,319,30
556,VOLKSWAGEN,LESD 1200,9582,258,30
557,IVECO,VOL 500,7178,262,30
558,VOLKSWAGEN,VIA3,7212,183,30
559,VOLVO,CSS,8462,204,30
560,VOLKSWAGEN,PSC,9215,209,30
561,KIA,P22,9058,309,30
562,VOLVO,511 HD,7573,271,30
563,DAEWOO,PSC,9146,193,30
564,KIA,P22,7112,307,30
565,MAN SE,2500,9523,285,30
566,MERCEDES-BENZ,511 HD,8224,303,30
567,DAEWOO,GFR 6,7128,196,30
568,SETRA,CRA 234,8344,293,30
569,VOLKSWAGEN,GFR 6,9668,317,30
570,IVECO,2500,9614,224,30
571,NEOPLAN,JPG,9473,290,30
572,MAN SE,PSC,7718,191,30
573,VOLKSWAGEN,LESD 1200,8354,279,30
574,VOLVO,GDW,8592,206,30
575,SOLARIS,WTC 23,8026,275,30
576,SETRA,CPP,8049,282,30
577,NEOPLAN,WTC 23,7489,223,30
578,VOLKSWAGEN,S13,7446,265,30
579,VOLVO,CPP,8101,302,30
580,SOLARIS,GFR 6,8364,217,30
581,VOLKSWAGEN,7900,9465,274,30
582,VOLKSWAGEN,CSS,9297,264,30
583,KIA,WNP,8842,286,30
584,SOLARIS,GDW,8528,229,30
585,MAN SE,WTC 23,7278,182,30
586,KIA,CPP,7162,287,30
587,DAEWOO,CRA 234,8176,254,30
588,VOLVO,KTW 200,7537,297,30
589,MERCEDES-BENZ,CPP,7547,236,30
590,MAN SE,CPP,7371,308,30
591,SETRA,VOL 500,7766,181,30
592,KIA,VIA3,9131,239,30
593,VOLVO,GFR 6,9025,227,30
594,KIA,VIA3,8536,229,30
595,SETRA,WFP,8404,195,30
596,VOLVO,GDW,8682,252,30
597,DAEWOO,PSC,9073,242,30
598,MERCEDES-BENZ,JPG,7372,221,30
599,VOLKSWAGEN,7900,7778,189,30
600,SETRA,WTC 23,7836,243,30
601,MERCEDES-BENZ,VIA3,8279,193,30
602,SOLARIS,GFR 6,7067,283,30
603,MAN SE,WTC 23,8853,309,30
604,VOLVO,WFP,8923,206,30
605,SETRA,P22,7372,219,30
606,SOLARIS,S13,9585,303,30
607,KIA,JS 200,7747,309,30
608,SOLARIS,VIA3,8432,222,30
609,MERCEDES-BENZ,GFR 6,8610,300,30
610,MERCEDES-BENZ,P22,7824,237,30
611,IVECO,LESD 1200,7721,266,30
612,VOLVO,VIA3,7441,306,30
613,SOLARIS,WFP,8408,205,30
614,IVECO,KTW 200,8832,228,30
615,MERCEDES-BENZ,WFP,8434,306,30
616,MAN SE,WFP,9576,266,30
617,KIA,PSC,7103,232,30
618,VOLKSWAGEN,KTW 200,7512,188,30
619,MERCEDES-BENZ,VIA3,7471,240,30
620,VOLKSWAGEN,2500,9555,246,30
621,DAEWOO,JPG,7049,258,30
622,SOLARIS,JS 200,9835,202,30
623,VOLVO,S13,8200,226,30
624,SOLARIS,VIA3,7034,203,30
625,IVECO,CSS,9724,227,30
626,DAEWOO,CRA 234,8453,280,30
627,NEOPLAN,GDW,8169,203,30
628,SOLARIS,KTW 200,9323,275,30
629,KIA,PNG,8224,292,30
630,VOLKSWAGEN,JPG,7765,310,30
631,MAN SE,PNG,8485,303,30
632,KIA,VIA3,9372,310,30
633,MAN SE,GFR 6,9622,209,30
634,KIA,7900,7703,316,30
635,MERCEDES-BENZ,PNG,8869,287,30
636,IVECO,KTW 200,8988,243,30
637,IVECO,7900,9194,186,30
638,DAEWOO,P22,9213,296,30
639,MAN SE,JPG,7145,262,30
640,SOLARIS,GFR 6,7566,238,30
641,SOLARIS,P22,9354,212,30
642,SETRA,PSC,7076,290,30
643,IVECO,WNP,9130,314,30
644,DAEWOO,GFR 6,7045,249,30
645,SOLARIS,VOL 500,7724,294,30
646,DAEWOO,PSC,7985,294,30
647,VOLKSWAGEN,PNG,7485,298,30
648,SETRA,PNG,9674,307,30
649,SOLARIS,WFP,7366,318,30
650,SOLARIS,CRA 234,7538,219,30
651,SETRA,P22,9872,237,30
652,SETRA,WTC 23,8987,274,30
653,SOLARIS,GDW,8413,202,30
654,IVECO,POL 123,8977,203,30
655,NEOPLAN,S13,7713,267,30
656,VOLVO,JPG,7021,271,30
657,NEOPLAN,LESD 1200,8080,294,30
658,KIA,CRA 234,8354,228,30
659,KIA,CPP,8105,315,30
660,VOLVO,511 HD,7332,208,30
661,NEOPLAN,CPP,7661,254,30
662,NEOPLAN,LESD 1200,7007,289,30
663,DAEWOO,CRA 234,9769,270,30
664,MERCEDES-BENZ,PNG,8677,185,30
665,MAN SE,GFR 6,7393,298,30
666,VOLVO,JS 200,7081,239,30
667,NEOPLAN,P22,8329,241,30
668,VOLVO,2500,9109,275,30
669,DAEWOO,JS 200,9892,223,30
670,NEOPLAN,CSS,7649,272,30
671,IVECO,MKS 200,7068,234,30
672,SOLARIS,FBA 2,8359,245,30
673,KIA,7900,7505,284,30
674,VOLVO,P22,8608,253,30
675,VOLVO,PNG,7376,206,30
676,NEOPLAN,CPP,7515,243,30
677,MERCEDES-BENZ,JPG,7240,273,30
678,MAN SE,7900,9831,235,30
679,NEOPLAN,WNP,9418,306,30
680,VOLKSWAGEN,WTC 23,8830,241,30
681,SOLARIS,WNP,7036,201,30
682,DAEWOO,PSC,8273,182,30
683,KIA,MKS 200,7197,229,30
684,IVECO,S13,8217,268,30
685,KIA,FBA 2,9423,223,30
686,MERCEDES-BENZ,POL 123,8202,258,30
687,SETRA,POL 123,8011,208,30
688,VOLVO,WTC 23,9431,245,30
689,IVECO,JS 200,8538,275,30
690,KIA,JS 200,7556,271,30
691,DAEWOO,PSC,9060,266,30
692,SOLARIS,POL 123,9705,220,30
693,NEOPLAN,KTW 200,7212,254,30
694,VOLKSWAGEN,2500,7314,271,30
695,SETRA,WNP,8722,245,30
696,SOLARIS,LESD 1200,8659,320,30
697,VOLKSWAGEN,PSC,9265,276,30
698,KIA,PNG,8276,250,30
699,IVECO,CPP,8082,297,30
700,VOLVO,CSS,9625,190,30
701,SETRA,CSS,7248,317,20
702,SOLARIS,GFR 6,7113,286,20
703,VOLKSWAGEN,WTC 23,8037,295,20
704,NEOPLAN,7900,7394,244,20
705,SOLARIS,JS 200,8693,277,20
706,KIA,S13,7649,213,20
707,NEOPLAN,KTW 200,7924,268,20
708,DAEWOO,CSS,7146,289,20
709,NEOPLAN,P22,9684,214,20
710,VOLKSWAGEN,511 HD,7027,280,20
711,VOLKSWAGEN,511 HD,8422,261,20
712,DAEWOO,GDW,8569,239,20
713,KIA,GDW,7656,291,20
714,VOLKSWAGEN,WTC 23,9032,192,20
715,MERCEDES-BENZ,511 HD,9854,317,20
716,DAEWOO,7900,9296,259,20
717,MERCEDES-BENZ,511 HD,7006,280,20
718,IVECO,GFR 6,8541,197,20
719,VOLKSWAGEN,PNG,7902,318,20
720,DAEWOO,PNG,8801,241,20
721,MAN SE,GDW,8023,270,20
722,VOLVO,GFR 6,7419,183,20
723,VOLKSWAGEN,PNG,9842,210,20
724,NEOPLAN,GDW,8937,286,20
725,MERCEDES-BENZ,2500,9607,196,20
726,NEOPLAN,GFR 6,9718,286,20
727,NEOPLAN,GDW,7908,245,20
728,SETRA,P22,8801,265,20
729,MAN SE,VIA3,7222,214,20
730,DAEWOO,FBA 2,9748,209,20
731,SETRA,JS 200,7790,217,20
732,KIA,MKS 200,8830,299,20
733,NEOPLAN,2500,9794,229,20
734,VOLKSWAGEN,511 HD,9821,255,20
735,DAEWOO,WFP,8001,209,20
736,MERCEDES-BENZ,WTC 23,8766,208,20
737,DAEWOO,PSC,9845,319,20
738,SETRA,JPG,8461,228,20
739,IVECO,WTC 23,9580,289,20
740,MAN SE,P22,9178,220,20
741,DAEWOO,511 HD,7040,301,20
742,SOLARIS,CRA 234,8452,258,20
743,MAN SE,2500,7063,317,20
744,KIA,CSS,8902,187,20
745,NEOPLAN,JS 200,8198,209,20
746,MAN SE,JPG,8277,192,20
747,MAN SE,WFP,9134,235,20
748,SOLARIS,FBA 2,8806,303,20
749,VOLVO,FBA 2,7649,276,20
750,MERCEDES-BENZ,GDW,8454,302,20
751,MAN SE,VOL 500,8235,272,20
752,MERCEDES-BENZ,P22,7184,287,20
753,MAN SE,WNP,9266,264,20
754,VOLKSWAGEN,FBA 2,7262,278,20
755,DAEWOO,GDW,9255,305,20
756,NEOPLAN,VIA3,8266,293,20
757,VOLKSWAGEN,CSS,9727,207,20
758,SETRA,WNP,8922,306,20
759,MAN SE,VIA3,8177,284,20
760,VOLKSWAGEN,7900,7398,302,20
761,KIA,7900,9794,213,20
762,MERCEDES-BENZ,511 HD,9627,202,20
763,VOLKSWAGEN,2500,9162,298,20
764,KIA,VOL 500,7922,293,20
765,VOLVO,GDW,8656,283,20
766,MERCEDES-BENZ,MKS 200,8433,265,20
767,SETRA,KTW 200,8668,243,20
768,NEOPLAN,WNP,7870,307,20
769,KIA,GFR 6,7888,256,20
770,VOLKSWAGEN,WTC 23,8318,212,20
771,MERCEDES-BENZ,CSS,7391,228,20
772,MAN SE,S13,8148,204,20
773,SETRA,LESD 1200,7838,295,20
774,VOLVO,LESD 1200,9664,256,20
775,VOLKSWAGEN,GFR 6,7046,208,20
776,SOLARIS,PSC,9310,201,20
777,SETRA,LESD 1200,8488,222,20
778,SOLARIS,S13,9081,185,20
779,MERCEDES-BENZ,S13,7601,193,20
780,DAEWOO,FBA 2,8800,261,20
781,MAN SE,KTW 200,7421,196,20
782,MERCEDES-BENZ,POL 123,8115,238,20
783,IVECO,FBA 2,8673,228,20
784,VOLKSWAGEN,GFR 6,7819,270,20
785,MAN SE,KTW 200,9193,246,20
786,VOLVO,JPG,7258,301,20
787,IVECO,PSC,9007,283,20
788,VOLVO,LESD 1200,8890,185,20
789,VOLKSWAGEN,JS 200,8258,188,20
790,MAN SE,PNG,8856,275,20
791,SOLARIS,FBA 2,9192,235,20
792,KIA,JS 200,8547,292,20
793,NEOPLAN,FBA 2,8106,259,20
794,SOLARIS,WTC 23,8417,201,20
795,VOLKSWAGEN,CPP,7244,187,20
796,SETRA,CSS,8096,313,20
797,KIA,CPP,8275,186,20
798,VOLKSWAGEN,P22,9781,232,20
799,MAN SE,2500,7985,215,20
800,KIA,JS 200,7947,289,20
801,MAN SE,WFP,7265,187,20
802,KIA,JPG,8579,196,20
803,KIA,KTW 200,8868,297,20
804,NEOPLAN,POL 123,9867,215,20
805,VOLKSWAGEN,KTW 200,9004,268,20
806,IVECO,POL 123,7079,191,20
807,SOLARIS,7900,8366,287,20
808,MERCEDES-BENZ,CRA 234,8087,223,20
809,DAEWOO,WTC 23,7168,318,20
810,IVECO,S13,7862,282,20
811,MAN SE,GFR 6,9863,236,20
812,SETRA,CSS,7574,245,20
813,DAEWOO,WNP,7866,311,20
814,DAEWOO,JS 200,9742,202,20
815,NEOPLAN,511 HD,8021,255,20
816,MERCEDES-BENZ,S13,8146,306,20
817,VOLKSWAGEN,CSS,7631,257,20
818,SOLARIS,PSC,8767,197,20
819,VOLKSWAGEN,PNG,7048,214,20
820,IVECO,VIA3,7388,302,20
821,SOLARIS,JPG,9116,269,20
822,IVECO,KTW 200,7981,252,20
823,DAEWOO,MKS 200,8902,256,20
824,SETRA,MKS 200,7642,235,20
825,NEOPLAN,GFR 6,8645,254,20
826,MAN SE,P22,9193,207,20
827,SOLARIS,WTC 23,9547,239,20
828,SETRA,WTC 23,8834,220,20
829,KIA,VOL 500,7624,262,20
830,MERCEDES-BENZ,JS 200,9423,213,20
831,VOLKSWAGEN,7900,7660,281,20
832,SOLARIS,P22,7290,210,20
833,NEOPLAN,VIA3,9848,240,20
834,VOLVO,P22,7375,208,20
835,MERCEDES-BENZ,PNG,7871,229,20
836,MAN SE,WNP,7158,283,20
837,SOLARIS,POL 123,7467,234,20
838,DAEWOO,JPG,7530,203,20
839,KIA,PSC,8640,316,20
840,IVECO,POL 123,9332,228,20
841,KIA,CPP,9012,229,20
842,VOLVO,POL 123,7693,289,20
843,NEOPLAN,P22,8067,209,20
844,KIA,FBA 2,7509,286,20
845,SETRA,2500,7954,183,20
846,DAEWOO,LESD 1200,8894,250,20
847,SETRA,VIA3,7131,313,20
848,MERCEDES-BENZ,CRA 234,9360,282,20
849,SETRA,CSS,9025,201,20
850,SOLARIS,KTW 200,7020,248,20
851,KIA,511 HD,8841,200,20
852,NEOPLAN,WFP,9573,306,20
853,MAN SE,JS 200,8898,209,20
854,MERCEDES-BENZ,CSS,8516,293,20
855,MERCEDES-BENZ,GFR 6,9014,220,20
856,IVECO,CRA 234,7924,245,20
857,KIA,WTC 23,8338,184,20
858,DAEWOO,P22,8371,306,20
859,SOLARIS,P22,9074,300,20
860,MAN SE,KTW 200,9288,296,20
861,KIA,WNP,7386,216,20
862,DAEWOO,GDW,9579,294,20
863,VOLKSWAGEN,PNG,7356,315,20
864,SOLARIS,7900,9141,212,20
865,VOLKSWAGEN,CRA 234,9663,205,20
866,DAEWOO,LESD 1200,8111,279,20
867,KIA,JPG,7294,180,20
868,VOLVO,CRA 234,7876,209,20
869,MERCEDES-BENZ,FBA 2,7669,210,20
870,MERCEDES-BENZ,GFR 6,8620,210,20
871,VOLVO,GDW,8720,225,20
872,MAN SE,2500,7581,187,20
873,VOLKSWAGEN,GFR 6,8901,198,20
874,IVECO,PNG,9080,261,20
875,SOLARIS,7900,7678,213,20
876,VOLVO,JS 200,9802,215,20
877,NEOPLAN,WNP,8370,250,20
878,NEOPLAN,VIA3,8646,244,20
879,VOLVO,CRA 234,8566,277,20
880,SOLARIS,CPP,7712,282,20
881,SETRA,POL 123,9443,289,20
882,VOLVO,S13,8322,316,20
883,SETRA,GDW,7391,254,20
884,MERCEDES-BENZ,WFP,9123,225,20
885,IVECO,S13,9477,279,20
886,VOLVO,7900,7732,202,20
887,MERCEDES-BENZ,2500,8334,197,20
888,NEOPLAN,POL 123,9730,295,20
889,MAN SE,GFR 6,7012,320,20
890,MERCEDES-BENZ,WNP,9026,188,20
891,VOLKSWAGEN,JS 200,9575,271,20
892,MAN SE,VOL 500,9796,232,20
893,MAN SE,511 HD,7391,232,20
894,MERCEDES-BENZ,JPG,7520,250,20
895,MERCEDES-BENZ,KTW 200,7924,303,20
896,SOLARIS,S13,8892,268,20
897,IVECO,WFP,8252,237,20
898,NEOPLAN,CSS,8061,238,20
899,IVECO,P22,9701,250,20
900,KIA,PNG,9459,193,20
901,MERCEDES-BENZ,KTW 200,9438,293,20
902,NEOPLAN,GDW,7622,296,20
903,NEOPLAN,PNG,9454,227,20
904,SETRA,CSS,9831,187,20
905,DAEWOO,MKS 200,9565,293,20
906,KIA,WNP,7250,286,20
907,KIA,MKS 200,9546,317,20
908,MERCEDES-BENZ,POL 123,9848,201,20
909,NEOPLAN,VOL 500,9799,247,20
910,DAEWOO,WFP,8316,268,20
911,IVECO,CPP,9418,216,20
912,VOLVO,MKS 200,7629,225,20
913,SETRA,PSC,9572,255,20
914,NEOPLAN,S13,7902,231,20
915,NEOPLAN,511 HD,8494,308,20
916,NEOPLAN,LESD 1200,8093,316,20
917,MERCEDES-BENZ,JPG,8635,239,20
918,MERCEDES-BENZ,2500,9892,262,20
919,MERCEDES-BENZ,S13,7712,233,20
920,KIA,511 HD,9312,244,20
921,NEOPLAN,P22,8255,196,20
922,VOLKSWAGEN,PNG,9618,277,20
923,NEOPLAN,CRA 234,8671,251,20
924,MAN SE,KTW 200,8655,283,20
925,VOLVO,KTW 200,7465,212,20
926,DAEWOO,WFP,8367,224,20
927,VOLVO,7900,8168,233,20
928,SOLARIS,WTC 23,7740,266,20
929,VOLVO,MKS 200,7487,211,20
930,SETRA,CPP,7397,313,20
931,MAN SE,FBA 2,8096,284,20
932,DAEWOO,JPG,8158,180,20
933,IVECO,2500,8843,189,20
934,DAEWOO,CRA 234,9654,237,20
935,SOLARIS,7900,7606,279,20
936,KIA,CSS,8577,255,20
937,IVECO,FBA 2,7931,249,20
938,MERCEDES-BENZ,P22,9368,193,20
939,SETRA,VOL 500,9577,199,20
940,SOLARIS,WNP,8841,190,20
941,DAEWOO,P22,8311,186,20
942,NEOPLAN,KTW 200,7219,296,20
943,SETRA,MKS 200,9349,288,20
944,IVECO,LESD 1200,9120,195,20
945,VOLVO,JPG,8381,254,20
946,VOLVO,WNP,7120,220,20
947,IVECO,PSC,9767,319,20
948,MAN SE,WFP,8864,269,20
949,SOLARIS,CSS,8245,272,20
950,VOLVO,VOL 500,8512,304,20
951,NEOPLAN,511 HD,7668,313,20
952,DAEWOO,VOL 500,9053,235,20
953,NEOPLAN,PSC,9850,222,20
954,KIA,WNP,7420,236,20
955,DAEWOO,POL 123,9255,257,20
956,NEOPLAN,S13,7060,252,20
957,VOLKSWAGEN,2500,8295,227,20
958,IVECO,PSC,7678,215,20
959,SETRA,7900,8939,232,20
960,VOLKSWAGEN,GDW,8926,180,20
961,VOLVO,P22,8053,282,20
962,KIA,P22,9525,194,20
963,SETRA,WTC 23,7087,185,20
964,MAN SE,CPP,9257,197,20
965,SOLARIS,MKS 200,9472,223,20
966,VOLVO,WTC 23,9090,317,20
967,VOLKSWAGEN,2500,7782,256,20
968,IVECO,VOL 500,7058,224,20
969,VOLKSWAGEN,JS 200,8443,306,20
970,DAEWOO,511 HD,9804,211,20
971,MERCEDES-BENZ,VIA3,9476,213,20
972,VOLKSWAGEN,WFP,7121,238,20
973,DAEWOO,2500,7492,225,20
974,KIA,FBA 2,8431,272,20
975,MERCEDES-BENZ,P22,8024,309,20
976,SOLARIS,JS 200,8766,305,20
977,MERCEDES-BENZ,GFR 6,8271,246,20
978,MERCEDES-BENZ,MKS 200,8196,283,20
979,IVECO,7900,9161,304,20
980,VOLVO,CRA 234,7689,225,20
981,SOLARIS,VOL 500,9849,226,20
982,VOLVO,WFP,7522,188,20
983,VOLVO,P22,8195,254,20
984,SETRA,WNP,8105,268,20
985,VOLKSWAGEN,CSS,7867,187,20
986,NEOPLAN,S13,9595,263,20
987,VOLKSWAGEN,GFR 6,7231,247,20
988,IVECO,VIA3,7394,254,20
989,IVECO,CSS,7663,181,20
990,VOLVO,7900,7670,281,20
991,VOLVO,511 HD,7856,315,20
992,VOLKSWAGEN,WNP,7842,319,20
993,SOLARIS,VIA3,9779,240,20
994,MAN SE,PSC,9674,194,20
995,IVECO,511 HD,7524,221,20
996,SOLARIS,KTW 200,8150,303,20
997,NEOPLAN,LESD 1200,8251,241,20
998,KIA,P22,7290,309,20
999,VOLVO,POL 123,8790,229,20
1000,VOLKSWAGEN,MKS 200,9370,265,20
