id,godzina_odjazdu,minuty_odjazdu,godzina_przyjazdu,minuty_przyjazdu,rok_kursu,miesiac_kursu,dzien_kursu
1,12,47,17,54,2020,9,28
2,14,22,18,42,2020,8,5
3,11,27,19,30,2020,7,2
4,16,23,21,8,2020,7,7
5,15,16,20,8,2020,7,23
6,15,6,20,47,2020,11,6
7,13,5,22,38,2020,9,20
8,12,30,21,51,2020,6,21
9,10,12,22,41,2020,3,5
10,11,35,19,40,2020,9,6
11,15,50,17,42,2020,11,17
12,12,55,23,53,2020,4,21
13,16,8,19,18,2020,12,16
14,16,13,22,29,2020,8,1
15,14,53,22,8,2020,6,11
16,15,11,19,10,2020,9,21
17,16,59,21,10,2020,11,24
18,15,39,20,3,2020,6,17
19,12,14,22,42,2020,9,9
20,14,6,18,19,2020,3,4
21,11,20,19,10,2020,3,13
22,15,17,18,6,2020,5,22
23,13,22,19,25,2020,7,19
24,14,29,21,59,2020,8,13
25,10,58,22,51,2020,12,19
26,12,58,23,26,2020,10,24
27,11,56,19,11,2020,4,14
28,12,37,21,1,2020,7,15
29,15,28,21,59,2020,3,3
30,14,56,18,48,2020,3,12
31,14,23,22,8,2020,3,12
32,14,48,21,57,2020,11,18
33,16,26,18,32,2020,6,19
34,15,52,21,43,2020,6,22
35,15,18,21,42,2020,5,28
36,15,42,22,49,2020,8,25
37,13,6,20,46,2020,4,7
38,15,8,20,33,2020,1,13
39,16,46,20,6,2020,8,4
40,12,52,18,57,2020,3,9
41,16,19,19,39,2020,6,30
42,12,38,20,58,2020,10,5
43,14,23,23,12,2020,10,1
44,15,7,17,1,2020,1,28
45,13,14,21,8,2020,6,9
46,14,46,22,4,2020,12,7
47,11,56,20,24,2020,5,21
48,13,7,22,53,2020,12,21
49,10,45,19,28,2020,10,24
50,11,50,20,35,2020,7,16
51,16,20,23,24,2020,8,28
52,12,4,18,19,2020,7,19
53,12,37,17,53,2020,4,11
54,11,18,20,44,2020,6,15
55,12,9,21,22,2020,8,3
56,10,5,18,15,2020,11,22
57,13,40,20,32,2020,3,18
58,14,1,18,15,2020,11,18
59,11,5,19,5,2020,4,7
60,10,56,21,26,2020,1,18
61,12,3,19,54,2020,6,23
62,11,31,22,48,2020,5,16
63,16,59,22,31,2020,3,13
64,14,24,23,54,2020,7,29
65,14,4,22,56,2020,9,30
66,15,54,17,24,2020,1,1
67,12,21,20,24,2020,4,12
68,12,12,19,30,2020,11,15
69,11,37,19,4,2020,12,27
70,14,45,17,46,2020,8,4
71,11,22,17,7,2020,11,30
72,11,3,21,26,2020,11,25
73,13,29,19,15,2020,6,11
74,15,3,22,6,2020,4,8
75,12,31,19,36,2020,3,19
76,11,43,19,54,2020,7,9
77,12,11,17,28,2020,3,23
78,13,54,17,57,2020,8,13
79,15,59,17,52,2020,1,29
80,10,32,22,43,2020,8,9
81,16,55,22,41,2020,6,4
82,10,13,22,58,2020,8,5
83,14,41,22,39,2020,1,1
84,10,54,19,38,2020,1,20
85,12,42,21,15,2020,4,22
86,16,23,21,0,2020,6,11
87,16,58,21,58,2020,6,21
88,13,48,18,38,2020,8,28
89,12,5,22,9,2020,10,21
90,12,3,18,40,2020,3,31
91,10,31,20,55,2020,4,2
92,14,1,21,44,2020,10,13
93,12,33,22,51,2020,9,9
94,14,43,18,48,2020,12,2
95,10,2,17,45,2020,1,10
96,14,50,19,27,2020,3,17
97,14,4,17,7,2020,12,11
98,11,14,18,26,2020,9,14
99,15,8,21,59,2020,9,26
100,14,54,21,44,2020,11,11
101,11,9,19,29,2020,6,22
102,12,20,17,58,2020,4,23
103,13,45,19,34,2020,5,22
104,11,34,19,57,2020,7,12
105,14,23,18,10,2020,2,26
106,10,14,21,29,2020,9,13
107,10,37,22,3,2020,11,30
108,10,41,19,1,2020,8,14
109,11,42,22,18,2020,1,31
110,13,24,22,38,2020,5,11
111,15,12,20,59,2020,9,16
112,16,23,18,16,2020,2,9
113,16,45,22,39,2020,10,12
114,13,40,19,58,2020,9,6
115,13,33,19,9,2020,11,26
116,12,23,20,39,2020,6,19
117,10,32,21,32,2020,12,23
118,16,3,18,18,2020,9,19
119,12,45,19,46,2020,1,25
120,14,6,21,32,2020,3,11
121,12,22,20,9,2020,4,15
122,12,30,17,45,2020,7,2
123,11,18,22,53,2020,9,12
124,10,52,22,45,2020,3,22
125,13,42,22,56,2020,4,21
126,10,51,17,57,2020,12,18
127,16,57,20,56,2020,2,24
128,16,59,23,14,2020,11,14
129,11,32,20,56,2020,11,4
130,13,15,19,10,2020,5,4
131,13,51,20,40,2020,2,26
132,13,52,20,25,2020,1,26
133,10,58,18,28,2020,8,21
134,16,59,21,43,2020,4,10
135,10,33,20,33,2020,11,4
136,15,40,21,24,2020,5,28
137,16,24,20,2,2020,12,17
138,13,58,21,0,2020,12,20
139,15,50,17,15,2020,8,29
140,11,5,23,28,2020,3,6
141,13,23,23,36,2020,9,2
142,16,52,18,14,2020,8,18
143,10,1,23,53,2020,4,13
144,16,4,21,16,2020,11,24
145,11,0,23,57,2020,6,9
146,12,58,18,44,2020,5,15
147,16,54,19,23,2020,3,27
148,16,46,19,49,2020,6,16
149,12,9,20,47,2020,8,25
150,10,21,19,25,2020,12,21
151,16,4,23,34,2020,6,9
152,14,41,23,36,2020,4,14
153,16,8,18,37,2020,4,20
154,11,19,19,39,2020,11,19
155,14,15,20,42,2020,9,5
156,12,40,21,16,2020,4,30
157,15,40,18,34,2020,8,14
158,11,45,19,39,2020,11,15
159,13,46,17,39,2020,6,15
160,14,26,17,23,2020,7,29
161,12,23,22,13,2020,7,25
162,14,32,18,13,2020,6,10
163,14,23,21,7,2020,10,9
164,10,25,19,42,2020,2,29
165,12,12,19,14,2020,4,2
166,12,36,22,24,2020,3,8
167,16,47,21,28,2020,3,21
168,11,27,22,47,2020,7,5
169,12,32,19,48,2020,1,7
170,15,27,23,39,2020,8,6
171,15,22,20,10,2020,11,11
172,14,52,21,20,2020,2,14
173,10,15,17,5,2020,4,21
174,15,37,18,50,2020,1,2
175,15,6,21,31,2020,1,16
176,13,59,17,22,2020,8,19
177,16,24,18,11,2020,8,14
178,16,57,18,15,2020,10,23
179,15,47,21,29,2020,4,30
180,15,0,21,50,2020,8,10
181,10,12,19,5,2020,9,9
182,12,36,18,23,2020,1,10
183,13,59,18,41,2020,1,11
184,11,58,21,51,2020,6,17
185,13,31,23,53,2020,3,20
186,14,2,21,6,2020,1,10
187,15,32,18,18,2020,7,30
188,14,28,17,4,2020,6,14
189,11,27,22,3,2020,2,29
190,13,57,20,36,2020,6,30
191,11,15,22,50,2020,1,14
192,12,47,19,39,2020,7,27
193,14,4,19,0,2020,5,13
194,14,35,18,38,2020,9,13
195,11,24,21,48,2020,2,11
196,16,35,23,19,2020,2,12
197,11,9,22,39,2020,5,24
198,14,17,20,57,2020,11,15
199,15,5,20,41,2020,8,16
200,12,17,19,12,2020,8,4
201,12,57,23,53,2020,7,28
202,12,13,22,58,2020,12,13
203,12,45,20,45,2020,5,13
204,13,0,17,48,2020,8,13
205,13,22,20,27,2020,4,28
206,16,56,21,54,2020,10,7
207,14,33,18,48,2020,11,9
208,11,47,18,4,2020,11,15
209,10,24,19,41,2020,10,29
210,14,7,22,44,2020,6,30
211,14,20,22,49,2020,7,31
212,12,17,22,40,2020,12,15
213,10,14,21,48,2020,2,9
214,12,52,19,40,2020,4,1
215,10,28,18,53,2020,7,29
216,12,37,17,39,2020,8,7
217,16,17,22,54,2020,11,10
218,11,9,18,27,2020,9,12
219,11,3,19,36,2020,10,6
220,10,33,21,25,2020,6,27
221,10,15,20,12,2020,8,22
222,16,20,17,47,2020,6,3
223,11,11,21,36,2020,10,4
224,10,4,22,28,2020,4,19
225,16,13,18,37,2020,7,11
226,10,36,19,7,2020,7,15
227,13,30,23,19,2020,11,14
228,12,25,18,44,2020,6,8
229,16,51,21,8,2020,3,14
230,14,46,18,55,2020,10,9
231,15,12,21,38,2020,1,1
232,15,30,19,59,2020,9,19
233,12,24,22,42,2020,9,8
234,15,50,17,19,2020,2,26
235,12,53,19,27,2020,7,20
236,12,15,22,42,2020,1,14
237,15,16,17,33,2020,12,24
238,14,7,21,48,2020,8,27
239,12,48,20,54,2020,7,14
240,10,25,17,25,2020,8,28
241,14,34,18,22,2020,7,31
242,13,25,20,36,2020,1,23
243,16,51,18,34,2020,7,13
244,10,7,20,43,2020,8,6
245,15,57,17,34,2020,6,18
246,15,59,20,1,2020,9,30
247,11,56,22,10,2020,5,5
248,16,0,23,27,2020,4,12
249,12,28,18,48,2020,2,9
250,12,15,23,47,2020,4,26
251,16,55,22,33,2020,4,26
252,14,20,18,56,2020,12,16
253,14,28,19,21,2020,12,14
254,16,10,21,5,2020,5,7
255,16,1,18,20,2020,8,1
256,10,3,23,17,2020,2,2
257,15,44,18,26,2020,2,26
258,15,6,22,7,2020,11,17
259,11,19,18,3,2020,12,9
260,16,57,23,1,2020,2,12
261,12,42,22,22,2020,9,6
262,10,33,22,46,2020,4,27
263,12,22,19,58,2020,7,20
264,11,25,23,0,2020,3,7
265,11,22,20,41,2020,12,24
266,11,29,23,39,2020,5,27
267,12,46,22,58,2020,12,23
268,13,30,18,30,2020,4,6
269,14,45,20,11,2020,10,4
270,16,30,19,56,2020,9,4
271,13,46,20,18,2020,1,9
272,11,32,17,11,2020,6,11
273,12,9,21,43,2020,9,9
274,10,31,18,26,2020,1,11
275,16,34,17,28,2020,1,6
276,16,35,17,7,2020,10,29
277,13,0,22,15,2020,1,14
278,12,14,17,4,2020,3,24
279,10,5,20,24,2020,1,24
280,16,55,17,2,2020,12,8
281,14,50,23,9,2020,3,16
282,12,50,23,21,2020,9,17
283,15,32,19,41,2020,9,15
284,11,52,18,32,2020,6,29
285,16,35,20,54,2020,11,30
286,16,48,21,18,2020,4,28
287,14,8,23,18,2020,12,15
288,16,45,22,17,2020,9,30
289,11,31,18,29,2020,11,26
290,15,23,17,31,2020,4,28
291,10,26,18,40,2020,6,26
292,11,38,21,18,2020,4,11
293,16,47,20,39,2020,1,13
294,10,45,22,49,2020,12,5
295,15,42,23,5,2020,2,12
296,10,0,20,0,2020,10,23
297,12,4,23,30,2020,10,2
298,12,28,20,35,2020,5,12
299,13,3,21,16,2020,5,20
300,16,48,18,38,2020,7,4
301,12,31,20,1,2020,2,12
302,10,12,21,18,2020,9,14
303,13,11,23,58,2020,1,27
304,16,5,21,39,2020,3,4
305,15,41,23,19,2020,11,4
306,14,44,21,17,2020,4,24
307,13,34,19,2,2020,7,12
308,14,54,23,25,2020,4,11
309,13,33,20,10,2020,11,4
310,12,18,17,16,2020,10,1
311,14,8,23,9,2020,4,10
312,15,39,22,39,2020,6,4
313,16,5,18,53,2020,4,23
314,12,24,19,24,2020,7,11
315,15,26,23,33,2020,3,28
316,13,39,23,5,2020,7,7
317,12,6,21,43,2020,8,19
318,12,13,19,52,2020,3,26
319,14,16,21,54,2020,4,19
320,15,38,19,11,2020,5,11
321,13,35,23,26,2020,9,12
322,14,56,20,30,2020,1,9
323,15,15,18,29,2020,8,4
324,13,54,19,58,2020,12,14
325,10,46,19,36,2020,10,9
326,15,38,18,36,2020,7,23
327,15,30,23,20,2020,12,21
328,15,25,17,45,2020,7,22
329,14,11,18,8,2020,12,17
330,11,45,21,24,2020,11,21
331,13,12,17,53,2020,11,3
332,15,14,23,52,2020,1,29
333,10,7,19,19,2020,10,27
334,13,28,23,29,2020,2,9
335,13,39,19,30,2020,7,3
336,11,59,17,16,2020,11,1
337,12,44,17,19,2020,9,22
338,11,35,18,0,2020,10,9
339,14,46,17,38,2020,6,21
340,13,12,19,45,2020,3,30
341,11,7,20,30,2020,2,12
342,14,3,22,32,2020,3,3
343,10,37,23,23,2020,4,9
344,11,30,23,54,2020,2,20
345,12,55,18,26,2020,1,19
346,12,15,18,7,2020,9,14
347,11,25,20,17,2020,4,16
348,14,46,23,27,2020,4,15
349,15,40,17,1,2020,12,10
350,12,6,23,34,2020,2,21
351,13,1,18,25,2020,2,18
352,13,38,19,45,2020,12,2
353,12,3,20,37,2020,4,13
354,14,51,20,39,2020,10,12
355,11,39,19,18,2020,4,23
356,12,10,19,30,2020,10,6
357,12,6,19,45,2020,1,15
358,11,6,19,30,2020,2,6
359,13,16,22,40,2020,9,27
360,16,11,23,41,2020,2,17
361,14,20,18,52,2020,5,9
362,15,45,23,52,2020,12,14
363,14,3,17,56,2020,10,5
364,13,54,22,43,2020,5,11
365,13,29,22,33,2020,12,23
366,10,2,18,21,2020,3,24
367,10,9,23,47,2020,9,27
368,12,11,22,15,2020,10,28
369,15,3,17,22,2020,3,24
370,10,14,23,39,2020,1,28
371,11,8,23,40,2020,5,12
372,12,5,18,56,2020,5,9
373,13,58,18,2,2020,2,8
374,10,9,23,43,2020,4,10
375,13,42,21,24,2020,4,21
376,16,18,20,35,2020,12,22
377,13,7,19,43,2020,10,2
378,12,28,17,49,2020,4,4
379,12,43,18,59,2020,12,25
380,10,18,17,2,2020,9,13
381,14,21,19,28,2020,9,21
382,11,17,23,46,2020,9,25
383,13,27,21,54,2020,1,31
384,12,30,20,0,2020,3,20
385,12,31,19,57,2020,10,5
386,11,28,18,2,2020,10,9
387,12,31,23,14,2020,12,9
388,13,42,21,40,2020,11,27
389,16,34,18,26,2020,10,7
390,11,39,18,7,2020,10,18
391,13,40,18,21,2020,12,3
392,15,29,23,44,2020,7,17
393,10,14,23,48,2020,3,18
394,16,57,17,52,2020,7,3
395,10,17,20,31,2020,6,14
396,11,0,22,44,2020,1,11
397,12,48,19,12,2020,7,1
398,14,58,21,58,2020,12,25
399,10,6,23,31,2020,5,28
400,13,8,18,34,2020,8,1
401,11,4,23,44,2020,4,22
402,16,41,20,55,2020,5,21
403,13,20,20,21,2020,1,3
404,14,51,23,42,2020,5,17
405,15,16,18,30,2020,10,30
406,12,57,18,25,2020,10,19
407,13,52,17,19,2020,7,20
408,16,33,20,50,2020,10,16
409,10,6,23,6,2020,5,16
410,16,8,19,6,2020,7,11
411,11,25,20,50,2020,7,22
412,14,40,18,19,2020,2,6
413,13,0,21,15,2020,10,12
414,11,40,18,20,2020,4,4
415,15,53,21,2,2020,9,5
416,16,31,19,53,2020,1,16
417,16,59,19,1,2020,4,25
418,13,27,21,38,2020,2,24
419,14,12,17,26,2020,3,15
420,15,46,17,47,2020,3,12
421,14,43,20,39,2020,4,13
422,15,45,23,43,2020,11,26
423,10,44,23,43,2020,9,11
424,13,33,17,58,2020,11,13
425,10,53,19,3,2020,10,14
426,13,53,20,9,2020,1,16
427,13,17,21,57,2020,11,3
428,15,31,17,43,2020,4,26
429,15,30,21,6,2020,3,21
430,16,24,22,3,2020,5,28
431,11,52,22,0,2020,5,16
432,14,38,19,43,2020,6,15
433,12,48,19,9,2020,1,11
434,13,6,19,45,2020,2,29
435,14,7,22,32,2020,7,20
436,11,54,22,0,2020,8,21
437,14,31,21,24,2020,7,18
438,10,59,17,46,2020,6,11
439,15,2,23,2,2020,12,15
440,16,53,22,14,2020,8,8
441,10,40,22,34,2020,3,16
442,14,34,19,55,2020,6,23
443,16,30,18,42,2020,3,12
444,14,10,22,3,2020,3,12
445,12,30,22,19,2020,3,31
446,16,26,17,15,2020,7,14
447,10,33,21,16,2020,2,3
448,13,45,19,37,2020,10,1
449,15,1,17,17,2020,9,30
450,15,44,20,25,2020,1,30
451,12,58,17,4,2020,1,8
452,12,9,23,28,2020,5,4
453,12,0,19,5,2020,11,26
454,12,3,18,32,2020,2,20
455,12,2,18,41,2020,4,10
456,14,18,18,16,2020,11,16
457,14,49,18,35,2020,1,1
458,13,20,22,9,2020,5,16
459,16,17,19,52,2020,4,25
460,16,55,19,13,2020,1,16
461,13,24,23,57,2020,7,16
462,16,45,18,1,2020,2,27
463,16,17,19,59,2020,4,10
464,10,16,19,20,2020,8,9
465,14,11,23,36,2020,9,30
466,10,29,19,38,2020,12,16
467,15,30,21,47,2020,8,31
468,15,47,19,10,2020,6,21
469,10,5,23,23,2020,5,27
470,11,41,19,45,2020,12,13
471,16,42,21,10,2020,6,26
472,11,27,23,45,2020,8,5
473,16,11,18,46,2020,10,1
474,12,5,18,59,2020,9,12
475,16,56,20,36,2020,10,16
476,10,58,23,48,2020,12,24
477,15,47,22,2,2020,5,7
478,15,30,20,38,2020,12,2
479,13,31,17,5,2020,2,15
480,13,47,22,8,2020,12,6
481,10,38,23,43,2020,6,15
482,13,35,17,56,2020,9,19
483,12,10,21,23,2020,3,16
484,16,54,21,34,2020,9,6
485,12,30,22,40,2020,6,7
486,12,20,23,43,2020,12,12
487,16,25,17,22,2020,9,4
488,15,38,18,49,2020,4,26
489,15,11,17,22,2020,5,3
490,16,8,20,17,2020,1,20
491,15,17,23,42,2020,8,16
492,16,17,17,29,2020,4,9
493,12,44,18,28,2020,7,5
494,13,22,19,50,2020,7,31
495,16,33,21,13,2020,12,9
496,15,30,17,51,2020,11,23
497,10,27,18,10,2020,11,10
498,12,26,23,59,2020,3,30
499,16,6,18,14,2020,11,24
500,14,13,18,42,2020,1,26
501,16,49,20,29,2020,7,22
502,13,2,18,13,2020,8,2
503,12,53,18,28,2020,5,14
504,16,16,21,47,2020,5,27
505,16,45,23,9,2020,1,17
506,13,30,17,8,2020,9,11
507,15,39,20,40,2020,6,1
508,16,26,18,58,2020,1,9
509,11,10,23,7,2020,9,28
510,15,45,22,42,2020,11,25
511,16,11,17,40,2020,11,5
512,15,53,18,43,2020,8,10
513,10,51,23,47,2020,4,17
514,12,53,18,33,2020,11,23
515,14,5,21,17,2020,12,5
516,15,25,20,21,2020,4,3
517,13,25,17,35,2020,8,12
518,14,15,22,49,2020,7,31
519,16,8,17,47,2020,9,29
520,10,1,17,51,2020,9,10
521,14,15,19,40,2020,6,20
522,13,33,19,42,2020,11,10
523,15,46,23,0,2020,8,28
524,15,20,23,8,2020,3,5
525,12,59,18,6,2020,10,15
526,16,18,19,48,2020,10,13
527,11,7,20,43,2020,3,4
528,14,1,18,21,2020,5,19
529,12,58,23,16,2020,3,8
530,11,46,22,42,2020,9,24
531,16,4,18,12,2020,5,22
532,15,20,22,50,2020,12,23
533,16,45,23,3,2020,7,16
534,12,6,19,28,2020,4,2
535,10,58,23,20,2020,3,8
536,16,17,22,33,2020,3,24
537,10,21,21,38,2020,4,23
538,14,15,21,42,2020,1,26
539,14,30,20,30,2020,8,13
540,13,42,23,4,2020,11,14
541,14,20,22,8,2020,10,21
542,10,6,21,32,2020,6,12
543,14,50,20,40,2020,10,22
544,11,0,18,2,2020,7,14
545,15,21,18,43,2020,2,18
546,15,52,22,16,2020,3,18
547,14,58,20,49,2020,5,15
548,11,36,23,32,2020,6,21
549,12,29,22,19,2020,7,17
550,12,48,21,44,2020,10,15
551,12,0,18,33,2020,2,25
552,14,21,20,8,2020,8,1
553,16,13,22,44,2020,7,21
554,14,40,20,33,2020,11,6
555,13,12,17,26,2020,3,28
556,12,47,18,27,2020,2,2
557,12,37,22,55,2020,10,21
558,15,7,22,54,2020,2,16
559,13,0,17,4,2020,1,26
560,11,38,18,8,2020,8,5
561,15,37,18,3,2020,2,19
562,14,25,22,37,2020,11,10
563,11,14,17,29,2020,1,3
564,10,32,19,50,2020,9,5
565,10,57,21,14,2020,7,11
566,12,6,21,52,2020,6,23
567,16,52,22,24,2020,5,13
568,14,32,17,7,2020,5,16
569,13,44,22,27,2020,6,12
570,14,1,20,5,2020,12,4
571,15,48,19,20,2020,12,14
572,15,8,22,27,2020,4,19
573,12,34,18,14,2020,1,13
574,13,25,23,21,2020,9,14
575,15,39,23,20,2020,9,5
576,10,4,21,27,2020,2,4
577,15,7,19,3,2020,1,26
578,11,42,23,20,2020,4,23
579,16,47,20,46,2020,4,20
580,13,18,22,49,2020,5,29
581,10,28,18,32,2020,7,7
582,11,11,19,28,2020,12,8
583,12,14,18,17,2020,8,22
584,15,23,19,21,2020,9,12
585,14,5,22,14,2020,12,20
586,13,29,19,53,2020,5,3
587,14,32,22,57,2020,7,26
588,11,23,22,8,2020,2,11
589,12,9,18,45,2020,10,21
590,11,40,23,30,2020,4,9
591,13,33,19,48,2020,2,23
592,15,44,19,54,2020,3,25
593,12,0,22,49,2020,9,6
594,13,26,20,1,2020,4,19
595,11,15,19,33,2020,10,21
596,14,33,19,26,2020,3,12
597,14,17,23,0,2020,1,15
598,16,40,22,55,2020,4,24
599,15,18,18,26,2020,12,7
600,11,50,17,48,2020,7,15
601,14,7,19,5,2020,1,12
602,13,27,20,24,2020,5,9
603,10,1,17,1,2020,1,15
604,15,36,17,46,2020,10,8
605,16,45,20,21,2020,6,17
606,12,17,22,56,2020,8,12
607,16,34,17,53,2020,5,2
608,15,49,22,48,2020,5,5
609,13,49,19,44,2020,11,28
610,11,52,19,14,2020,5,18
611,11,12,20,1,2020,9,12
612,14,7,21,7,2020,4,10
613,11,19,19,32,2020,10,12
614,15,26,19,0,2020,1,21
615,15,38,17,42,2020,7,28
616,11,26,19,41,2020,10,11
617,14,22,18,20,2020,4,19
618,10,12,20,12,2020,11,29
619,16,41,17,6,2020,7,30
620,11,23,21,15,2020,10,30
621,11,29,23,9,2020,10,20
622,11,59,19,46,2020,9,9
623,16,39,17,48,2020,6,16
624,13,51,21,4,2020,11,29
625,10,40,21,22,2020,8,5
626,13,30,21,47,2020,4,30
627,15,2,19,1,2020,7,25
628,14,51,18,37,2020,9,14
629,14,22,17,35,2020,3,23
630,10,13,18,53,2020,12,8
631,10,30,23,53,2020,11,12
632,10,56,23,24,2020,12,23
633,11,46,21,2,2020,1,1
634,13,22,18,3,2020,11,22
635,10,27,20,55,2020,9,12
636,12,1,18,54,2020,11,27
637,16,17,18,8,2020,9,6
638,10,29,18,41,2020,4,21
639,12,35,23,4,2020,6,18
640,14,49,18,38,2020,3,19
641,11,55,23,31,2020,12,27
642,15,48,18,22,2020,2,19
643,10,20,20,44,2020,5,17
644,10,46,18,15,2020,3,11
645,15,50,20,7,2020,4,13
646,14,24,22,4,2020,2,6
647,15,8,21,12,2020,10,5
648,13,42,19,38,2020,3,9
649,14,42,18,4,2020,3,19
650,13,46,22,36,2020,1,29
651,12,39,21,48,2020,9,4
652,12,8,21,52,2020,9,21
653,13,19,20,15,2020,2,3
654,14,35,23,17,2020,7,11
655,10,14,23,56,2020,9,15
656,16,55,19,6,2020,8,30
657,10,10,22,28,2020,10,28
658,16,25,18,22,2020,11,21
659,11,11,23,14,2020,4,19
660,13,55,21,36,2020,8,6
661,10,36,17,7,2020,7,20
662,11,7,21,18,2020,7,26
663,13,42,19,25,2020,1,9
664,12,0,20,29,2020,9,13
665,12,52,23,19,2020,7,12
666,12,33,22,16,2020,5,25
667,11,37,19,12,2020,1,8
668,14,38,21,47,2020,2,3
669,11,16,23,45,2020,11,15
670,16,50,22,56,2020,1,13
671,15,50,17,57,2020,8,9
672,12,30,17,4,2020,10,4
673,16,8,17,39,2020,1,9
674,12,20,18,46,2020,11,17
675,14,13,23,6,2020,7,2
676,14,41,18,26,2020,8,27
677,14,54,21,3,2020,1,4
678,16,1,20,1,2020,10,27
679,12,26,21,15,2020,6,26
680,16,21,19,0,2020,8,10
681,13,6,22,23,2020,9,28
682,16,19,18,56,2020,11,16
683,13,55,17,59,2020,7,9
684,16,37,21,51,2020,9,11
685,14,21,17,14,2020,2,21
686,12,36,23,31,2020,5,23
687,10,0,22,30,2020,4,5
688,11,40,22,28,2020,7,25
689,10,46,18,34,2020,5,8
690,14,5,18,4,2020,8,11
691,13,42,18,47,2020,7,22
692,11,30,23,39,2020,9,10
693,10,47,21,14,2020,9,4
694,13,3,21,3,2020,3,17
695,11,29,18,38,2020,11,14
696,11,50,18,25,2020,10,21
697,13,3,20,48,2020,6,14
698,15,58,23,58,2020,3,26
699,11,27,20,46,2020,1,23
700,10,45,18,38,2020,7,13
701,11,44,23,41,2020,9,26
702,13,57,18,24,2020,10,27
703,16,40,18,50,2020,11,19
704,12,16,18,58,2020,1,28
705,16,54,21,13,2020,1,20
706,13,49,18,47,2020,2,24
707,14,40,20,30,2020,1,27
708,14,15,20,3,2020,2,16
709,13,38,21,13,2020,6,5
710,12,10,20,30,2020,12,4
711,11,44,23,17,2020,2,19
712,16,51,19,7,2020,2,29
713,14,34,17,3,2020,1,22
714,16,23,17,32,2020,6,15
715,13,13,22,27,2020,2,12
716,15,1,20,42,2020,7,20
717,11,57,19,8,2020,7,9
718,11,16,23,7,2020,4,19
719,13,30,20,39,2020,1,17
720,15,14,23,49,2020,10,21
721,16,32,20,2,2020,7,1
722,12,49,20,38,2020,7,7
723,10,15,18,26,2020,7,28
724,15,47,19,33,2020,2,13
725,13,37,22,7,2020,4,24
726,16,9,22,17,2020,7,26
727,14,35,17,41,2020,3,12
728,16,56,18,29,2020,4,17
729,12,8,21,4,2020,6,23
730,10,14,19,3,2020,10,15
731,11,55,21,11,2020,6,26
732,11,22,20,16,2020,1,29
733,14,31,18,10,2020,1,1
734,11,15,22,4,2020,1,15
735,11,32,21,21,2020,9,2
736,11,36,18,37,2020,1,9
737,11,39,17,55,2020,7,15
738,16,29,23,21,2020,1,14
739,12,36,20,17,2020,11,29
740,10,2,22,23,2020,2,6
741,15,30,23,42,2020,6,26
742,14,29,17,1,2020,11,25
743,11,21,21,11,2020,12,5
744,11,27,20,43,2020,6,15
745,10,2,19,7,2020,4,12
746,11,52,17,17,2020,3,4
747,13,57,22,33,2020,4,16
748,10,19,21,46,2020,10,21
749,13,48,17,28,2020,9,30
750,10,13,21,46,2020,9,6
751,13,10,21,16,2020,7,7
752,11,51,23,15,2020,4,23
753,13,32,20,10,2020,11,10
754,14,48,23,27,2020,6,8
755,16,0,22,17,2020,5,26
756,11,25,19,55,2020,7,22
757,15,29,22,1,2020,7,25
758,14,59,20,7,2020,7,15
759,10,59,23,53,2020,3,30
760,11,25,19,30,2020,3,10
761,15,49,22,51,2020,3,13
762,16,39,17,17,2020,12,23
763,12,55,18,49,2020,9,27
764,11,57,18,17,2020,8,4
765,14,42,21,16,2020,12,1
766,11,10,17,46,2020,5,16
767,14,30,19,8,2020,5,9
768,16,36,21,24,2020,11,9
769,15,49,19,25,2020,2,11
770,12,27,19,33,2020,6,28
771,15,5,20,46,2020,2,2
772,16,54,22,31,2020,5,1
773,16,54,20,34,2020,11,23
774,15,8,20,1,2020,7,30
775,14,14,20,41,2020,10,31
776,10,3,21,54,2020,8,31
777,15,29,17,56,2020,3,9
778,14,13,20,14,2020,4,2
779,10,36,18,43,2020,4,10
780,11,40,23,7,2020,8,6
781,14,46,21,40,2020,12,5
782,16,28,18,7,2020,9,6
783,10,5,23,46,2020,12,6
784,11,31,17,4,2020,8,12
785,16,25,21,42,2020,8,21
786,14,7,22,29,2020,6,21
787,13,25,17,37,2020,9,18
788,11,43,20,6,2020,3,16
789,16,4,19,47,2020,6,25
790,13,42,19,41,2020,5,20
791,13,59,20,8,2020,10,14
792,11,47,22,22,2020,6,20
793,12,54,23,34,2020,9,11
794,14,29,21,15,2020,3,6
795,12,41,17,31,2020,3,30
796,14,10,19,13,2020,4,1
797,15,44,18,33,2020,1,13
798,15,47,21,48,2020,5,11
799,15,45,21,26,2020,4,19
800,12,18,22,39,2020,5,10
801,11,24,21,10,2020,8,28
802,13,59,20,45,2020,1,15
803,14,9,19,17,2020,4,21
804,15,44,23,34,2020,1,6
805,16,38,20,5,2020,6,14
806,13,37,17,17,2020,8,20
807,15,34,20,23,2020,6,29
808,11,21,20,48,2020,11,26
809,11,10,19,6,2020,3,26
810,10,23,21,15,2020,11,2
811,12,5,20,11,2020,4,26
812,15,3,23,40,2020,4,25
813,15,21,19,37,2020,5,28
814,14,51,20,22,2020,12,10
815,11,14,17,27,2020,9,29
816,10,43,18,53,2020,9,22
817,13,27,22,58,2020,4,27
818,16,52,18,43,2020,9,18
819,15,48,20,4,2020,3,20
820,13,27,20,13,2020,7,28
821,12,57,18,32,2020,7,18
822,15,58,19,15,2020,1,24
823,14,27,19,43,2020,4,5
824,14,9,20,10,2020,7,23
825,12,46,17,54,2020,11,28
826,13,0,18,50,2020,11,9
827,15,8,22,1,2020,2,13
828,12,42,23,33,2020,12,18
829,16,40,21,51,2020,9,5
830,14,34,17,36,2020,7,9
831,11,27,23,56,2020,8,7
832,16,27,21,46,2020,12,5
833,16,37,17,43,2020,10,19
834,15,16,21,48,2020,5,24
835,13,48,18,57,2020,4,21
836,15,31,23,41,2020,12,8
837,10,31,22,24,2020,2,27
838,16,54,21,20,2020,9,3
839,14,29,22,37,2020,11,5
840,13,26,19,46,2020,6,24
841,11,38,21,45,2020,9,6
842,13,29,22,0,2020,12,4
843,14,8,21,18,2020,11,21
844,12,52,18,52,2020,2,17
845,13,54,21,19,2020,7,8
846,14,27,21,9,2020,10,4
847,11,27,18,27,2020,6,20
848,15,3,22,46,2020,10,26
849,15,34,19,28,2020,7,9
850,13,18,23,29,2020,11,30
851,12,4,22,51,2020,7,20
852,11,6,20,6,2020,6,4
853,14,16,22,26,2020,4,27
854,10,51,18,11,2020,2,28
855,14,45,19,7,2020,8,19
856,12,44,17,36,2020,12,27
857,14,51,22,19,2020,12,10
858,14,15,19,40,2020,9,28
859,12,44,23,0,2020,10,30
860,12,31,21,58,2020,5,28
861,14,19,17,8,2020,8,22
862,13,10,19,56,2020,7,12
863,10,1,17,16,2020,3,27
864,14,10,20,52,2020,3,11
865,12,46,23,29,2020,1,25
866,15,19,19,51,2020,1,5
867,16,28,17,16,2020,2,29
868,14,42,23,23,2020,9,30
869,11,19,22,55,2020,7,14
870,11,33,22,11,2020,3,14
871,15,6,20,22,2020,10,8
872,11,11,21,55,2020,7,7
873,12,16,17,45,2020,6,13
874,11,27,17,5,2020,11,18
875,15,32,20,56,2020,5,28
876,14,0,18,8,2020,7,17
877,14,8,19,2,2020,1,10
878,11,10,21,51,2020,6,30
879,14,49,19,46,2020,6,7
880,13,44,21,33,2020,8,13
881,12,8,23,42,2020,5,9
882,16,53,22,28,2020,6,7
883,14,49,19,44,2020,10,20
884,11,25,17,50,2020,8,11
885,15,35,18,58,2020,4,27
886,15,37,19,42,2020,7,3
887,11,10,20,37,2020,4,5
888,14,14,23,23,2020,3,13
889,14,35,21,37,2020,2,6
890,15,24,18,15,2020,11,21
891,11,48,23,43,2020,12,21
892,14,21,17,38,2020,2,20
893,14,10,18,56,2020,7,20
894,12,39,20,50,2020,10,12
895,11,3,22,30,2020,2,28
896,10,0,19,8,2020,10,9
897,13,45,23,33,2020,8,14
898,14,39,17,42,2020,5,25
899,12,34,17,39,2020,8,16
900,16,11,22,32,2020,1,10
901,11,48,19,36,2020,1,17
902,10,38,17,54,2020,5,23
903,16,14,23,52,2020,10,12
904,13,11,20,47,2020,4,26
905,16,59,20,25,2020,7,1
906,11,29,20,37,2020,9,28
907,14,11,23,58,2020,6,26
908,11,39,23,16,2020,9,25
909,13,0,18,38,2020,7,16
910,16,32,17,36,2020,8,28
911,16,32,23,44,2020,11,10
912,16,20,19,45,2020,7,26
913,10,8,21,57,2020,8,8
914,10,5,20,26,2020,9,15
915,13,35,23,33,2020,10,22
916,15,18,19,14,2020,9,1
917,13,56,22,31,2020,10,2
918,15,9,22,38,2020,2,21
919,16,5,21,43,2020,7,31
920,16,10,17,15,2020,4,26
921,16,56,18,45,2020,10,5
922,16,41,19,14,2020,5,14
923,11,46,23,10,2020,11,11
924,11,50,18,29,2020,7,15
925,13,54,21,24,2020,11,11
926,11,5,19,6,2020,9,23
927,11,30,22,59,2020,5,5
928,16,25,18,5,2020,8,18
929,10,19,20,7,2020,9,9
930,15,10,23,42,2020,2,4
931,14,24,18,44,2020,3,27
932,15,37,22,0,2020,1,22
933,13,9,17,1,2020,2,25
934,12,33,20,8,2020,10,26
935,16,37,20,34,2020,3,12
936,15,40,20,24,2020,9,14
937,14,52,22,54,2020,9,10
938,16,0,21,6,2020,10,31
939,12,40,22,24,2020,3,10
940,12,25,18,0,2020,3,5
941,13,1,21,7,2020,10,30
942,11,10,23,45,2020,3,24
943,13,36,21,7,2020,12,13
944,15,45,18,39,2020,9,15
945,15,4,17,11,2020,6,2
946,11,27,18,6,2020,7,5
947,15,15,21,32,2020,2,5
948,14,15,21,2,2020,12,4
949,11,37,23,54,2020,7,25
950,16,4,23,52,2020,3,7
951,16,29,18,25,2020,6,8
952,15,35,23,1,2020,7,31
953,14,13,19,6,2020,4,15
954,15,41,21,45,2020,3,17
955,14,30,17,58,2020,6,8
956,14,50,18,10,2020,5,20
957,10,42,22,59,2020,6,11
958,11,49,17,43,2020,11,16
959,16,36,20,29,2020,2,16
960,16,54,21,2,2020,8,20
961,13,42,21,23,2020,7,14
962,10,57,17,56,2020,6,6
963,11,46,21,47,2020,11,3
964,10,56,23,3,2020,3,7
965,13,5,22,41,2020,1,22
966,16,22,18,27,2020,6,29
967,12,55,18,18,2020,5,8
968,15,16,22,36,2020,2,26
969,16,1,19,45,2020,12,26
970,13,25,23,48,2020,10,2
971,13,59,18,31,2020,8,8
972,13,20,18,49,2020,12,26
973,15,59,22,6,2020,1,1
974,12,20,19,4,2020,5,24
975,11,19,17,6,2020,3,4
976,15,24,20,51,2020,11,4
977,15,39,17,14,2020,1,24
978,14,3,17,52,2020,4,14
979,12,36,19,8,2020,2,19
980,14,28,22,12,2020,2,28
981,13,17,18,51,2020,11,5
982,14,42,23,58,2020,11,3
983,16,33,17,20,2020,1,6
984,16,40,20,58,2020,2,20
985,14,49,18,59,2020,10,26
986,13,47,17,49,2020,8,3
987,10,44,17,40,2020,3,18
988,11,18,21,14,2020,1,18
989,12,23,22,35,2020,1,24
990,10,18,22,53,2020,11,20
991,10,27,20,49,2020,11,6
992,15,25,21,34,2020,6,23
993,16,19,23,58,2020,1,29
994,13,17,18,36,2020,7,31
995,12,8,18,49,2020,2,5
996,15,43,20,49,2020,1,28
997,16,35,20,4,2020,4,17
998,12,6,20,54,2020,5,12
999,15,40,17,30,2020,2,24
1000,13,37,22,44,2020,6,5
1001,12,30,18,54,2020,4,8
1002,11,12,21,23,2020,11,19
1003,12,27,20,28,2020,1,4
1004,11,13,20,32,2020,3,8
1005,15,27,21,10,2020,7,9
1006,14,27,20,53,2020,4,21
1007,14,46,22,37,2020,3,23
1008,13,38,21,35,2020,1,27
1009,14,58,19,36,2020,5,25
1010,15,2,20,26,2020,6,16
1011,10,23,17,55,2020,11,23
1012,13,46,23,12,2020,10,12
1013,11,33,19,59,2020,4,4
1014,13,59,18,59,2020,7,6
1015,15,54,23,2,2020,8,24
1016,15,32,18,25,2020,8,15
1017,12,9,23,27,2020,7,6
1018,16,31,21,57,2020,1,18
1019,12,23,19,10,2020,1,6
1020,11,12,19,59,2020,2,12
1021,10,20,20,59,2020,7,19
1022,14,36,23,33,2020,4,27
1023,11,43,18,39,2020,7,29
1024,10,22,22,51,2020,11,15
1025,16,49,23,54,2020,1,12
1026,13,16,23,44,2020,4,12
1027,12,29,23,34,2020,11,14
1028,11,42,21,41,2020,9,28
1029,13,15,21,6,2020,4,22
1030,10,58,19,18,2020,6,19
1031,13,2,18,14,2020,2,10
1032,14,44,19,8,2020,1,7
1033,12,2,20,54,2020,4,17
1034,13,29,18,25,2020,4,21
1035,15,8,21,35,2020,9,6
1036,16,45,22,27,2020,1,3
1037,15,55,19,32,2020,1,29
1038,16,49,21,36,2020,4,21
1039,16,30,17,59,2020,11,3
1040,10,8,21,52,2020,10,25
1041,14,20,18,21,2020,10,3
1042,12,27,20,49,2020,10,25
1043,15,12,23,36,2020,12,21
1044,11,26,23,59,2020,3,31
1045,11,56,22,27,2020,10,28
1046,13,25,22,27,2020,6,1
1047,11,58,17,11,2020,9,21
1048,15,9,20,12,2020,4,10
1049,12,4,19,15,2020,11,15
1050,13,35,17,8,2020,9,14
1051,14,34,19,6,2020,7,11
1052,11,40,17,7,2020,5,27
1053,11,29,18,1,2020,3,13
1054,14,47,20,30,2020,11,26
1055,13,3,21,49,2020,4,14
1056,11,28,20,44,2020,11,10
1057,16,22,19,13,2020,1,24
1058,11,27,17,33,2020,3,12
1059,15,28,17,18,2020,5,12
1060,13,25,23,48,2020,4,12
1061,12,44,17,31,2020,4,12
1062,16,42,23,26,2020,7,4
1063,10,45,20,31,2020,4,2
1064,11,56,21,6,2020,4,11
1065,10,7,17,18,2020,4,27
1066,11,25,22,17,2020,7,5
1067,11,44,19,39,2020,2,17
1068,13,35,21,47,2020,12,18
1069,11,56,22,51,2020,10,29
1070,14,56,23,50,2020,7,11
1071,16,19,20,0,2020,12,10
1072,12,40,20,22,2020,7,3
1073,15,52,17,40,2020,2,1
1074,11,36,19,12,2020,1,16
1075,16,33,19,46,2020,7,27
1076,14,5,20,30,2020,3,15
1077,11,13,18,2,2020,7,21
1078,10,20,21,8,2020,9,16
1079,15,33,17,18,2020,10,20
1080,11,23,21,56,2020,8,5
1081,16,19,20,19,2020,5,18
1082,15,56,20,23,2020,5,23
1083,16,34,20,3,2020,9,11
1084,11,9,21,20,2020,10,24
1085,15,22,23,1,2020,8,24
1086,16,42,19,9,2020,11,7
1087,11,28,17,30,2020,9,2
1088,13,49,23,4,2020,1,5
1089,15,20,18,5,2020,1,9
1090,14,14,17,34,2020,5,28
1091,12,22,23,34,2020,6,6
1092,11,5,23,38,2020,6,11
1093,12,46,21,17,2020,4,23
1094,14,27,19,42,2020,3,28
1095,13,9,23,17,2020,2,26
1096,10,11,23,4,2020,12,3
1097,15,58,23,0,2020,6,18
1098,14,33,21,44,2020,6,25
1099,15,38,19,53,2020,5,15
1100,11,23,18,22,2020,10,24
1101,15,27,22,21,2020,12,20
1102,16,18,18,20,2020,2,17
1103,12,43,23,20,2020,11,7
1104,16,21,21,3,2020,9,14
1105,13,8,17,28,2020,12,23
1106,16,2,17,43,2020,2,13
1107,14,15,17,12,2020,1,27
1108,10,0,19,12,2020,1,19
1109,16,30,19,37,2020,8,15
1110,16,33,21,48,2020,2,26
1111,11,18,17,57,2020,10,13
1112,11,12,17,14,2020,1,31
1113,10,47,18,12,2020,1,13
1114,15,1,17,1,2020,12,19
1115,10,2,18,18,2020,10,7
1116,12,49,19,1,2020,10,2
1117,12,40,17,14,2020,4,23
1118,14,7,17,40,2020,7,19
1119,12,11,18,39,2020,10,8
1120,12,30,22,28,2020,5,28
1121,16,0,21,36,2020,5,16
1122,16,2,19,25,2020,11,24
1123,12,25,23,6,2020,2,13
1124,13,45,23,42,2020,9,19
1125,15,16,20,48,2020,7,23
1126,14,3,21,32,2020,1,25
1127,15,8,20,5,2020,9,13
1128,16,30,17,31,2020,3,23
1129,10,33,20,3,2020,3,1
1130,12,45,18,51,2020,8,22
1131,11,43,20,19,2020,7,31
1132,12,28,20,30,2020,10,17
1133,10,6,20,45,2020,7,14
1134,13,41,17,46,2020,7,15
1135,15,30,18,23,2020,4,20
1136,14,13,18,19,2020,11,19
1137,13,54,20,41,2020,7,19
1138,10,27,21,29,2020,4,23
1139,11,43,22,3,2020,11,26
1140,16,7,19,14,2020,10,16
1141,14,24,20,56,2020,2,3
1142,15,43,17,44,2020,12,3
1143,11,23,23,37,2020,12,26
1144,13,35,23,10,2020,9,22
1145,11,10,19,54,2020,1,6
1146,10,43,21,41,2020,8,24
1147,15,39,23,4,2020,1,4
1148,16,27,19,4,2020,6,5
1149,12,34,20,32,2020,12,20
1150,16,10,20,0,2020,4,6
1151,12,31,23,51,2020,7,25
1152,11,10,17,21,2020,12,11
1153,13,16,22,53,2020,8,28
1154,12,22,20,0,2020,5,11
1155,11,43,21,32,2020,2,10
1156,16,50,17,59,2020,2,17
1157,11,3,18,7,2020,4,16
1158,12,3,23,58,2020,2,8
1159,16,21,18,12,2020,4,28
1160,14,29,21,36,2020,3,29
1161,14,20,23,39,2020,1,6
1162,10,10,21,34,2020,10,2
1163,12,44,20,12,2020,8,5
1164,15,31,22,13,2020,6,26
1165,12,20,22,3,2020,7,10
1166,15,10,17,40,2020,5,8
1167,13,14,18,46,2020,9,4
1168,10,40,19,28,2020,12,5
1169,10,24,18,33,2020,1,22
1170,11,27,17,24,2020,7,28
1171,13,13,21,38,2020,5,9
1172,13,4,17,54,2020,6,7
1173,14,55,18,6,2020,2,21
1174,15,32,19,57,2020,9,21
1175,13,35,22,37,2020,8,12
1176,10,44,23,42,2020,7,28
1177,11,54,22,33,2020,11,23
1178,14,16,22,41,2020,1,19
1179,12,11,20,58,2020,7,4
1180,15,27,23,10,2020,1,18
1181,14,15,22,4,2020,2,14
1182,12,56,19,41,2020,2,26
1183,12,40,22,20,2020,10,28
1184,13,41,20,3,2020,7,29
1185,14,30,21,23,2020,9,16
1186,11,13,22,33,2020,11,1
1187,11,1,20,15,2020,2,3
1188,10,41,21,1,2020,9,7
1189,16,6,21,51,2020,11,26
1190,11,22,23,42,2020,4,6
1191,15,24,20,1,2020,1,13
1192,13,43,17,30,2020,6,28
1193,12,17,22,40,2020,6,1
1194,16,28,18,58,2020,12,12
1195,16,59,19,8,2020,3,17
1196,15,36,19,17,2020,4,26
1197,15,41,23,20,2020,3,7
1198,15,32,21,2,2020,9,13
1199,14,48,17,25,2020,4,29
1200,16,38,22,9,2020,3,3
1201,14,55,20,56,2020,2,1
1202,12,23,22,7,2020,10,18
1203,12,27,17,57,2020,3,16
1204,12,47,19,25,2020,8,3
1205,16,50,17,52,2020,3,10
1206,12,6,19,52,2020,10,6
1207,12,41,17,19,2020,9,30
1208,15,30,18,56,2020,4,21
1209,12,59,18,16,2020,6,3
1210,14,51,23,26,2020,7,24
1211,12,28,23,21,2020,8,29
1212,16,49,18,19,2020,4,11
1213,13,23,20,5,2020,3,25
1214,13,26,18,12,2020,11,14
1215,16,56,20,0,2020,1,29
1216,16,41,20,24,2020,1,29
1217,12,44,23,45,2020,2,12
1218,11,59,18,42,2020,5,6
1219,13,4,21,14,2020,1,12
1220,12,41,19,36,2020,3,14
1221,16,47,20,34,2020,1,20
1222,11,9,19,24,2020,1,5
1223,15,16,22,5,2020,3,29
1224,11,48,23,52,2020,12,9
1225,16,46,17,5,2020,8,9
1226,16,10,22,24,2020,7,1
1227,10,34,21,59,2020,7,2
1228,10,6,22,56,2020,3,28
1229,12,25,18,0,2020,3,20
1230,11,18,17,39,2020,1,30
1231,13,51,23,50,2020,2,23
1232,14,3,19,1,2020,9,6
1233,13,4,18,28,2020,8,20
1234,14,24,22,24,2020,8,29
1235,10,55,17,33,2020,3,19
1236,12,24,21,17,2020,5,11
1237,13,51,19,34,2020,4,20
1238,13,3,19,35,2020,10,8
1239,15,56,21,22,2020,1,8
1240,15,22,17,16,2020,5,7
1241,13,50,20,37,2020,11,17
1242,11,31,19,9,2020,1,1
1243,16,53,19,20,2020,9,11
1244,12,25,23,42,2020,9,9
1245,14,2,23,52,2020,9,18
1246,15,8,18,30,2020,6,16
1247,13,29,22,20,2020,3,21
1248,10,45,22,19,2020,7,30
1249,10,44,18,45,2020,10,28
1250,13,32,18,37,2020,6,5
1251,14,23,20,53,2020,2,9
1252,12,18,18,55,2020,5,27
1253,11,48,18,24,2020,6,7
1254,16,1,18,34,2020,3,1
1255,15,35,17,4,2020,9,8
1256,16,30,19,40,2020,9,22
1257,12,25,19,47,2020,12,6
1258,13,2,18,4,2020,10,3
1259,12,17,23,24,2020,1,7
1260,14,5,22,6,2020,10,31
1261,10,8,19,52,2020,3,18
1262,11,6,23,1,2020,2,7
1263,11,48,18,37,2020,11,5
1264,14,8,17,25,2020,5,21
1265,13,14,20,54,2020,3,20
1266,11,18,19,38,2020,2,8
1267,14,23,21,58,2020,7,6
1268,11,37,17,2,2020,1,20
1269,13,36,23,42,2020,11,18
1270,11,10,21,1,2020,1,8
1271,11,13,18,3,2020,1,23
1272,11,43,18,48,2020,1,2
1273,16,41,21,15,2020,5,18
1274,10,20,22,30,2020,9,14
1275,15,49,17,22,2020,5,14
1276,13,29,19,19,2020,8,24
1277,10,40,18,38,2020,10,19
1278,16,39,22,0,2020,12,1
1279,12,15,19,29,2020,10,18
1280,12,43,19,21,2020,5,28
1281,13,16,23,1,2020,7,20
1282,11,51,21,10,2020,2,18
1283,11,24,18,13,2020,12,15
1284,11,22,20,37,2020,6,14
1285,12,50,18,19,2020,3,3
1286,13,18,21,30,2020,5,9
1287,13,26,17,46,2020,3,18
1288,13,17,21,41,2020,7,26
1289,15,23,19,47,2020,11,14
1290,12,8,17,22,2020,1,20
1291,12,1,19,27,2020,11,3
1292,10,23,18,29,2020,4,4
1293,15,23,18,11,2020,9,1
1294,13,56,19,13,2020,5,25
1295,15,58,23,49,2020,5,14
1296,10,26,21,50,2020,12,20
1297,12,21,21,57,2020,1,28
1298,14,56,20,7,2020,12,9
1299,13,13,20,29,2020,9,22
1300,15,56,19,16,2020,3,12
1301,12,19,20,54,2020,12,25
1302,16,8,23,3,2020,11,18
1303,12,34,20,51,2020,6,29
1304,15,23,19,32,2020,6,25
1305,12,30,21,30,2020,4,19
1306,12,6,22,3,2020,11,26
1307,13,50,17,40,2020,3,17
1308,16,13,21,44,2020,7,19
1309,11,17,21,9,2020,8,14
1310,13,19,22,18,2020,8,8
1311,10,14,17,43,2020,5,18
1312,11,50,21,6,2020,12,18
1313,11,13,23,55,2020,11,24
1314,16,49,17,21,2020,10,3
1315,13,35,17,30,2020,6,12
1316,14,12,21,17,2020,8,28
1317,13,12,17,4,2020,11,12
1318,12,46,18,3,2020,3,2
1319,16,55,23,52,2020,7,31
1320,14,18,19,25,2020,9,30
1321,15,13,22,6,2020,12,21
1322,15,50,23,11,2020,5,17
1323,14,17,23,41,2020,8,10
1324,15,21,19,3,2020,3,5
1325,13,12,19,0,2020,4,20
1326,14,7,20,35,2020,10,5
1327,15,37,18,43,2020,7,23
1328,15,41,20,33,2020,2,12
1329,13,1,23,25,2020,7,5
1330,15,20,23,56,2020,5,10
1331,13,11,21,4,2020,8,23
1332,10,29,21,23,2020,7,25
1333,13,16,21,27,2020,6,2
1334,14,38,18,57,2020,9,19
1335,10,49,18,11,2020,5,4
1336,16,53,17,49,2020,5,22
1337,12,11,22,17,2020,10,12
1338,16,1,18,48,2020,2,1
1339,12,17,21,17,2020,12,16
1340,12,51,17,7,2020,3,21
1341,11,22,21,17,2020,4,24
1342,11,53,23,41,2020,4,22
1343,14,29,20,42,2020,11,26
1344,13,58,17,15,2020,11,28
1345,14,59,17,36,2020,3,12
1346,13,17,18,1,2020,4,3
1347,16,21,19,0,2020,5,2
1348,16,28,23,47,2020,6,2
1349,10,44,23,7,2020,10,14
1350,10,5,19,12,2020,10,21
1351,14,40,17,45,2020,7,1
1352,10,10,22,16,2020,2,17
1353,15,17,23,21,2020,2,23
1354,13,29,20,29,2020,12,4
1355,11,13,20,54,2020,11,30
1356,14,29,20,49,2020,10,30
1357,15,13,17,25,2020,8,5
1358,12,29,18,34,2020,8,9
1359,15,5,23,56,2020,1,10
1360,12,13,18,17,2020,1,25
1361,13,7,21,26,2020,8,15
1362,13,52,20,32,2020,2,1
1363,15,3,20,24,2020,5,7
1364,15,19,23,24,2020,12,17
1365,12,35,21,53,2020,3,7
1366,16,5,17,40,2020,8,20
1367,16,14,18,0,2020,9,9
1368,10,22,23,59,2020,12,5
1369,13,48,19,11,2020,11,30
1370,10,35,19,48,2020,7,17
1371,13,2,21,56,2020,2,21
1372,11,34,22,7,2020,8,15
1373,12,54,22,37,2020,10,21
1374,16,19,21,46,2020,9,4
1375,12,5,20,12,2020,3,9
1376,10,4,18,42,2020,7,25
1377,11,13,18,44,2020,4,13
1378,16,24,20,57,2020,7,5
1379,15,12,19,5,2020,9,22
1380,14,20,17,18,2020,2,10
1381,10,14,22,3,2020,2,3
1382,14,1,23,39,2020,4,30
1383,12,57,23,32,2020,6,29
1384,12,37,22,37,2020,1,29
1385,13,16,20,1,2020,9,19
1386,15,41,20,5,2020,2,12
1387,12,7,22,41,2020,10,4
1388,14,54,23,43,2020,12,6
1389,10,57,18,12,2020,9,28
1390,10,22,22,12,2020,8,13
1391,12,21,20,8,2020,10,6
1392,11,56,19,31,2020,8,28
1393,14,3,22,10,2020,7,26
1394,15,9,22,1,2020,3,22
1395,12,56,23,7,2020,11,5
1396,15,3,19,5,2020,1,4
1397,15,17,21,49,2020,12,26
1398,16,20,19,1,2020,8,11
1399,12,44,21,10,2020,11,5
1400,10,37,21,3,2020,4,21
1401,11,11,18,38,2020,9,28
1402,16,22,17,17,2020,2,1
1403,16,4,21,11,2020,12,22
1404,14,33,20,1,2020,4,29
1405,15,3,19,20,2020,9,8
1406,10,35,20,57,2020,2,13
1407,16,18,21,33,2020,8,4
1408,15,12,17,59,2020,11,5
1409,13,46,19,37,2020,5,18
1410,12,11,19,27,2020,3,21
1411,11,24,23,36,2020,10,15
1412,10,10,21,57,2020,12,16
1413,14,0,21,58,2020,9,10
1414,14,10,20,5,2020,6,26
1415,14,36,17,2,2020,4,23
1416,16,23,22,49,2020,9,17
1417,10,25,18,25,2020,8,1
1418,12,39,18,16,2020,4,18
1419,11,31,22,13,2020,5,26
1420,14,43,21,23,2020,8,3
1421,10,15,22,32,2020,3,20
1422,16,29,19,36,2020,6,11
1423,16,39,23,27,2020,6,9
1424,11,57,22,1,2020,7,25
1425,14,43,20,14,2020,6,12
1426,15,42,20,11,2020,7,23
1427,14,12,20,44,2020,3,11
1428,13,51,18,51,2020,9,22
1429,11,29,21,27,2020,6,3
1430,15,29,21,1,2020,2,2
1431,16,40,23,29,2020,5,22
1432,12,14,21,21,2020,4,18
1433,10,39,17,55,2020,2,24
1434,13,2,21,59,2020,12,19
1435,15,29,22,56,2020,2,1
1436,12,43,18,45,2020,8,13
1437,11,53,22,46,2020,9,21
1438,15,53,20,23,2020,4,6
1439,10,42,19,49,2020,4,16
1440,15,53,17,46,2020,7,13
1441,15,46,17,59,2020,10,3
1442,13,32,19,3,2020,11,12
1443,14,11,19,20,2020,1,18
1444,14,54,20,11,2020,4,29
1445,11,1,19,51,2020,8,3
1446,13,43,23,12,2020,10,7
1447,11,58,19,59,2020,1,9
1448,12,27,17,7,2020,5,14
1449,13,21,22,51,2020,2,21
1450,10,49,20,0,2020,4,13
1451,10,37,22,51,2020,3,24
1452,13,1,17,51,2020,7,20
1453,14,5,22,59,2020,4,13
1454,15,35,19,46,2020,7,6
1455,12,2,19,56,2020,11,25
1456,13,50,17,12,2020,2,23
1457,15,31,22,4,2020,5,23
1458,15,0,23,45,2020,6,11
1459,11,3,19,24,2020,6,1
1460,12,43,22,2,2020,11,14
1461,12,20,17,47,2020,9,6
1462,14,31,19,41,2020,1,30
1463,15,59,19,39,2020,2,28
1464,11,38,18,50,2020,12,4
1465,15,23,22,30,2020,12,26
1466,12,26,21,45,2020,7,28
1467,15,11,22,2,2020,5,4
1468,13,44,19,9,2020,7,2
1469,15,37,18,6,2020,11,30
1470,14,39,17,26,2020,10,22
1471,15,37,22,30,2020,3,20
1472,16,2,18,14,2020,8,23
1473,10,24,18,33,2020,12,2
1474,10,6,19,2,2020,5,12
1475,15,50,22,55,2020,5,4
1476,15,55,22,36,2020,7,23
1477,15,47,23,31,2020,9,24
1478,11,52,18,52,2020,5,11
1479,10,16,21,52,2020,1,5
1480,15,43,18,54,2020,11,27
1481,15,5,17,34,2020,4,28
1482,10,12,18,46,2020,6,21
1483,15,32,17,44,2020,1,4
1484,13,14,22,53,2020,12,13
1485,12,41,18,15,2020,7,18
1486,16,15,18,48,2020,7,1
1487,16,35,23,56,2020,6,5
1488,16,9,17,14,2020,8,11
1489,13,18,23,57,2020,12,21
1490,11,57,17,33,2020,5,29
1491,13,51,17,18,2020,6,19
1492,12,15,20,2,2020,12,9
1493,16,19,17,27,2020,12,11
1494,10,14,19,41,2020,7,1
1495,13,12,21,30,2020,2,25
1496,10,20,22,55,2020,12,20
1497,12,0,20,36,2020,7,19
1498,13,36,23,46,2020,6,28
1499,10,55,23,39,2020,1,3
1500,13,36,17,40,2020,12,15
1501,14,26,23,5,2020,2,22
1502,16,7,23,43,2020,3,14
1503,16,7,20,19,2020,11,4
1504,14,59,22,45,2020,10,3
1505,15,15,18,49,2020,8,4
1506,15,4,20,10,2020,4,10
1507,13,13,23,52,2020,2,1
1508,16,26,19,11,2020,5,9
1509,14,19,23,44,2020,8,16
1510,10,35,19,18,2020,12,12
1511,13,29,20,47,2020,12,10
1512,13,57,18,42,2020,12,12
1513,16,33,19,38,2020,12,24
1514,16,26,17,58,2020,8,13
1515,14,27,22,26,2020,7,29
1516,12,46,22,0,2020,1,24
1517,16,5,18,12,2020,7,26
1518,14,44,20,3,2020,7,24
1519,11,36,23,23,2020,3,7
1520,16,6,23,56,2020,11,20
1521,16,10,23,27,2020,12,24
1522,11,31,17,48,2020,8,3
1523,15,54,23,52,2020,9,22
1524,12,17,21,52,2020,11,1
1525,13,1,17,51,2020,9,2
1526,15,13,23,8,2020,4,8
1527,10,7,22,48,2020,7,25
1528,12,35,20,37,2020,1,21
1529,15,30,18,46,2020,6,1
1530,15,27,21,7,2020,6,20
1531,14,34,17,18,2020,8,28
1532,13,39,22,13,2020,1,10
1533,11,44,20,34,2020,5,9
1534,10,43,17,10,2020,3,1
1535,16,12,23,0,2020,1,15
1536,12,36,18,58,2020,5,15
1537,14,34,21,21,2020,8,7
1538,12,1,19,21,2020,3,31
1539,11,47,23,29,2020,11,27
1540,16,10,17,16,2020,10,6
1541,13,7,20,20,2020,5,15
1542,16,35,23,25,2020,1,13
1543,15,41,22,31,2020,1,12
1544,11,9,21,39,2020,10,8
1545,13,4,19,14,2020,12,9
1546,14,40,23,7,2020,7,5
1547,14,12,21,10,2020,1,31
1548,10,55,21,27,2020,10,17
1549,16,24,20,31,2020,5,20
1550,16,29,19,32,2020,4,25
1551,15,20,20,57,2020,7,23
1552,11,0,23,37,2020,1,4
1553,13,40,21,41,2020,8,5
1554,16,48,18,17,2020,8,25
1555,11,30,23,47,2020,1,4
1556,12,57,20,21,2020,4,27
1557,14,14,18,11,2020,12,20
1558,16,51,22,2,2020,11,7
1559,15,30,21,59,2020,10,23
1560,11,26,18,43,2020,10,5
1561,12,59,19,36,2020,1,20
1562,15,53,22,49,2020,4,27
1563,15,39,17,32,2020,9,6
1564,15,17,19,47,2020,4,21
1565,13,44,20,10,2020,8,16
1566,15,8,21,25,2020,5,16
1567,15,44,22,32,2020,6,23
1568,16,52,23,5,2020,10,7
1569,13,29,19,55,2020,8,17
1570,16,30,20,39,2020,1,28
1571,10,30,17,30,2020,8,9
1572,13,10,22,9,2020,9,22
1573,15,33,19,3,2020,1,12
1574,10,15,17,26,2020,4,12
1575,11,57,19,57,2020,4,28
1576,10,0,18,34,2020,4,27
1577,16,43,18,37,2020,1,15
1578,12,32,18,20,2020,4,16
1579,16,2,21,47,2020,6,28
1580,16,16,20,22,2020,2,14
1581,14,58,20,23,2020,8,12
1582,16,44,17,42,2020,5,25
1583,14,9,19,14,2020,9,19
1584,11,10,21,49,2020,5,11
1585,13,26,23,55,2020,8,21
1586,14,14,22,36,2020,1,31
1587,10,59,23,45,2020,11,16
1588,12,16,23,15,2020,8,22
1589,10,8,19,14,2020,12,5
1590,14,37,20,18,2020,12,6
1591,11,57,21,41,2020,5,13
1592,15,48,21,25,2020,8,6
1593,12,9,23,58,2020,6,30
1594,12,59,20,11,2020,11,18
1595,16,24,20,7,2020,12,8
1596,16,9,22,31,2020,7,21
1597,11,13,21,38,2020,3,18
1598,11,16,17,58,2020,6,9
1599,16,57,21,55,2020,11,22
1600,15,56,19,58,2020,9,23
1601,10,35,20,53,2020,4,12
1602,11,33,17,47,2020,7,31
1603,11,50,17,5,2020,5,13
1604,15,43,23,48,2020,12,7
1605,16,46,17,22,2020,1,17
1606,14,21,20,45,2020,7,23
1607,12,34,17,23,2020,10,29
1608,13,19,20,36,2020,5,13
1609,11,57,18,26,2020,11,30
1610,14,51,20,22,2020,6,6
1611,14,53,21,14,2020,6,24
1612,16,21,20,41,2020,6,7
1613,13,12,22,7,2020,8,31
1614,11,22,22,56,2020,1,24
1615,13,34,21,18,2020,11,8
1616,12,18,17,38,2020,8,12
1617,13,12,22,31,2020,2,24
1618,16,36,21,45,2020,12,20
1619,14,18,18,57,2020,8,28
1620,14,54,22,21,2020,3,4
1621,13,40,22,38,2020,7,17
1622,10,36,22,56,2020,12,26
1623,11,54,20,55,2020,7,26
1624,14,22,22,4,2020,5,31
1625,12,22,22,3,2020,11,25
1626,11,11,21,16,2020,6,22
1627,11,11,20,48,2020,7,1
1628,13,29,22,39,2020,12,5
1629,13,49,17,6,2020,8,4
1630,15,15,17,49,2020,10,5
1631,15,9,18,27,2020,2,15
1632,13,9,17,5,2020,4,12
1633,13,25,21,43,2020,9,26
1634,13,33,18,32,2020,9,18
1635,14,26,22,45,2020,5,26
1636,12,47,22,51,2020,4,18
1637,14,44,20,7,2020,6,19
1638,13,7,20,14,2020,5,19
1639,12,12,17,57,2020,12,19
1640,13,41,23,26,2020,6,22
1641,11,57,18,21,2020,7,11
1642,16,45,17,31,2020,2,12
1643,13,32,17,49,2020,7,12
1644,13,48,22,28,2020,2,15
1645,16,28,22,48,2020,7,5
1646,14,4,23,9,2020,10,13
1647,10,26,20,28,2020,10,4
1648,16,35,19,2,2020,11,24
1649,14,21,17,24,2020,7,8
1650,13,9,20,3,2020,1,14
1651,15,50,23,4,2020,2,16
1652,11,1,18,51,2020,11,4
1653,16,51,23,56,2020,12,26
1654,12,25,20,3,2020,12,7
1655,16,32,18,14,2020,6,18
1656,10,7,18,28,2020,9,8
1657,11,34,18,9,2020,2,26
1658,15,31,19,23,2020,1,4
1659,11,28,20,40,2020,1,21
1660,12,49,21,23,2020,5,31
1661,12,45,21,47,2020,6,22
1662,16,4,17,30,2020,6,19
1663,12,11,18,19,2020,6,11
1664,16,57,17,4,2020,10,9
1665,15,52,23,26,2020,11,25
1666,16,8,20,41,2020,8,10
1667,10,52,21,3,2020,7,22
1668,13,43,17,9,2020,11,9
1669,16,34,17,27,2020,4,10
1670,12,29,17,25,2020,7,18
1671,15,14,18,28,2020,11,18
1672,14,54,18,7,2020,5,30
1673,10,36,18,55,2020,4,26
1674,13,4,20,29,2020,6,24
1675,12,50,19,53,2020,1,3
1676,12,18,19,6,2020,2,14
1677,10,47,20,24,2020,9,23
1678,14,49,21,4,2020,2,22
1679,13,50,19,0,2020,11,27
1680,16,22,20,44,2020,6,27
1681,16,42,23,52,2020,9,27
1682,14,42,21,57,2020,1,23
1683,10,52,20,7,2020,5,14
1684,15,12,23,39,2020,10,22
1685,13,30,23,5,2020,6,22
1686,15,50,18,15,2020,5,29
1687,10,28,23,17,2020,10,30
1688,14,23,20,10,2020,9,28
1689,16,39,18,55,2020,9,12
1690,12,43,22,59,2020,3,18
1691,16,50,19,56,2020,10,17
1692,15,25,17,55,2020,1,24
1693,14,17,18,48,2020,3,25
1694,13,17,17,40,2020,5,21
1695,13,50,20,46,2020,1,23
1696,11,5,20,41,2020,10,12
1697,16,5,20,26,2020,11,7
1698,11,59,19,39,2020,12,17
1699,10,22,17,38,2020,3,18
1700,12,9,18,38,2020,1,25
1701,10,44,18,38,2020,2,8
1702,13,14,18,53,2020,3,6
1703,14,39,21,11,2020,6,2
1704,11,7,22,17,2020,2,15
1705,14,29,22,55,2020,7,11
1706,14,56,17,35,2020,5,18
1707,12,38,22,17,2020,5,7
1708,12,11,21,31,2020,8,8
1709,10,53,18,41,2020,2,16
1710,12,31,22,52,2020,10,27
1711,14,22,19,5,2020,1,31
1712,14,38,17,33,2020,5,7
1713,14,42,19,9,2020,3,24
1714,14,59,22,58,2020,1,19
1715,14,40,18,2,2020,3,23
1716,10,49,17,0,2020,11,26
1717,11,30,22,15,2020,9,1
1718,14,51,22,18,2020,4,19
1719,15,29,20,29,2020,12,8
1720,16,21,17,34,2020,9,2
1721,12,55,23,35,2020,6,29
1722,10,8,17,27,2020,2,19
1723,13,29,17,8,2020,5,12
1724,14,41,23,58,2020,3,23
1725,16,17,21,32,2020,1,3
1726,12,23,20,1,2020,9,29
1727,10,27,21,8,2020,10,12
1728,10,37,19,19,2020,8,23
1729,11,23,20,27,2020,4,23
1730,14,0,21,12,2020,4,11
1731,11,49,18,0,2020,9,2
1732,15,43,17,37,2020,11,30
1733,13,10,22,6,2020,5,31
1734,12,52,21,58,2020,1,31
1735,15,3,21,8,2020,8,19
1736,15,14,18,4,2020,9,20
1737,14,25,19,15,2020,6,2
1738,15,16,20,3,2020,6,5
1739,16,20,18,4,2020,1,14
1740,12,13,21,56,2020,8,13
1741,13,4,19,1,2020,5,24
1742,11,4,19,7,2020,12,26
1743,14,22,22,45,2020,6,12
1744,10,34,22,33,2020,1,14
1745,16,51,20,14,2020,7,28
1746,13,57,21,54,2020,4,26
1747,12,3,22,35,2020,9,26
1748,14,18,18,29,2020,9,7
1749,14,35,18,16,2020,12,25
1750,10,40,23,29,2020,2,13
1751,10,4,23,10,2020,10,7
1752,10,28,22,34,2020,9,27
1753,15,42,18,49,2020,1,27
1754,16,23,22,33,2020,9,2
1755,15,13,23,22,2020,10,20
1756,11,51,18,13,2020,5,14
1757,10,7,21,28,2020,12,10
1758,13,10,20,37,2020,10,17
1759,15,1,22,41,2020,9,24
1760,16,55,18,2,2020,12,2
1761,13,11,22,31,2020,4,24
1762,12,1,20,23,2020,12,13
1763,12,28,23,4,2020,6,11
1764,14,27,18,37,2020,2,6
1765,10,47,18,32,2020,6,12
1766,13,53,23,15,2020,7,15
1767,16,57,23,8,2020,11,12
1768,16,15,17,31,2020,4,4
1769,15,8,19,14,2020,5,22
1770,14,9,23,11,2020,6,15
1771,11,22,23,31,2020,4,3
1772,16,15,22,23,2020,2,6
1773,14,47,17,23,2020,12,19
1774,14,7,21,43,2020,6,3
1775,11,18,19,18,2020,3,29
1776,15,10,19,15,2020,7,11
1777,11,41,23,59,2020,9,15
1778,16,6,18,11,2020,9,3
1779,13,44,17,34,2020,2,10
1780,12,17,18,51,2020,6,14
1781,12,0,21,29,2020,10,17
1782,10,31,17,23,2020,2,2
1783,14,38,23,4,2020,6,12
1784,15,12,18,37,2020,9,4
1785,10,41,17,21,2020,7,6
1786,14,12,20,24,2020,8,29
1787,12,13,21,57,2020,12,5
1788,11,36,23,42,2020,9,25
1789,12,19,20,5,2020,6,16
1790,12,20,21,46,2020,3,5
1791,12,49,18,23,2020,10,12
1792,16,33,17,22,2020,10,6
1793,14,39,20,46,2020,1,23
1794,10,14,17,47,2020,9,22
1795,16,13,22,26,2020,6,17
1796,13,25,21,52,2020,3,26
1797,11,5,20,30,2020,4,8
1798,11,11,22,29,2020,3,5
1799,10,34,23,21,2020,6,2
1800,15,16,21,51,2020,8,18
1801,11,47,22,16,2020,5,9
1802,16,29,22,34,2020,1,21
1803,12,12,21,16,2020,9,4
1804,16,19,19,24,2020,9,1
1805,13,12,23,2,2020,8,14
1806,11,20,19,4,2020,5,10
1807,11,55,20,31,2020,1,26
1808,13,48,17,34,2020,9,12
1809,13,15,18,20,2020,4,4
1810,13,49,18,12,2020,8,30
1811,12,38,18,29,2020,7,23
1812,10,37,17,46,2020,6,13
1813,15,30,20,45,2020,8,4
1814,11,23,20,42,2020,8,24
1815,13,56,20,36,2020,8,18
1816,13,28,22,21,2020,3,7
1817,15,18,23,48,2020,11,28
1818,15,50,23,18,2020,5,17
1819,11,14,21,26,2020,9,20
1820,10,29,18,51,2020,12,14
1821,15,37,19,26,2020,11,15
1822,12,3,23,41,2020,9,1
1823,14,54,21,23,2020,9,5
1824,12,22,23,12,2020,9,20
1825,14,30,18,37,2020,6,1
1826,10,10,23,55,2020,9,12
1827,16,14,23,7,2020,2,17
1828,15,22,19,48,2020,1,1
1829,15,44,22,24,2020,12,8
1830,13,16,22,36,2020,7,22
1831,10,36,17,4,2020,1,1
1832,11,31,23,47,2020,5,11
1833,13,42,21,53,2020,9,6
1834,10,34,22,35,2020,3,28
1835,14,25,23,37,2020,1,11
1836,16,29,19,5,2020,7,28
1837,10,22,23,41,2020,6,19
1838,10,16,18,33,2020,4,5
1839,16,39,22,13,2020,4,20
1840,16,17,23,54,2020,4,14
1841,16,54,19,38,2020,11,2
1842,11,23,22,12,2020,2,3
1843,11,45,22,39,2020,3,9
1844,10,24,20,42,2020,6,28
1845,16,41,20,26,2020,1,11
1846,15,41,19,20,2020,6,24
1847,16,23,21,39,2020,2,25
1848,13,12,20,1,2020,8,18
1849,16,50,18,56,2020,1,8
1850,12,38,19,38,2020,3,12
1851,12,14,17,42,2020,12,6
1852,12,35,19,35,2020,5,13
1853,16,49,21,9,2020,6,18
1854,15,4,23,49,2020,2,8
1855,16,34,21,0,2020,9,1
1856,11,49,19,14,2020,4,3
1857,14,48,19,6,2020,9,21
1858,16,13,19,13,2020,9,1
1859,15,13,20,53,2020,3,16
1860,14,43,18,35,2020,10,23
1861,13,17,21,48,2020,9,5
1862,16,58,17,9,2020,10,31
1863,12,39,22,59,2020,5,24
1864,10,13,17,11,2020,11,21
1865,10,51,21,4,2020,12,27
1866,14,58,17,34,2020,1,12
1867,14,22,19,22,2020,11,21
1868,14,33,21,26,2020,11,15
1869,12,18,21,58,2020,7,25
1870,16,40,17,49,2020,12,23
1871,12,22,19,41,2020,4,1
1872,10,18,20,47,2020,12,19
1873,11,31,22,39,2020,7,14
1874,15,53,18,43,2020,5,17
1875,10,2,21,12,2020,8,1
1876,11,58,22,42,2020,10,3
1877,11,14,23,48,2020,1,6
1878,10,0,22,36,2020,6,6
1879,13,53,17,48,2020,4,13
1880,11,52,17,14,2020,1,18
1881,13,18,23,33,2020,2,28
1882,11,16,21,40,2020,5,25
1883,13,25,17,53,2020,5,24
1884,10,24,20,35,2020,1,7
1885,15,48,20,29,2020,4,17
1886,14,13,22,58,2020,8,21
1887,10,47,20,18,2020,5,20
1888,12,12,22,2,2020,10,20
1889,14,2,22,58,2020,4,20
1890,16,43,23,46,2020,10,3
1891,10,36,22,16,2020,2,28
1892,14,24,22,26,2020,4,17
1893,16,46,23,49,2020,7,24
1894,11,44,22,17,2020,2,1
1895,11,30,18,47,2020,1,26
1896,16,51,23,10,2020,6,24
1897,13,8,19,43,2020,1,27
1898,16,27,20,53,2020,7,26
1899,12,54,20,18,2020,6,11
1900,16,23,17,35,2020,2,20
1901,14,52,19,48,2020,7,9
1902,16,1,21,7,2020,2,8
1903,15,22,22,6,2020,11,10
1904,13,35,17,59,2020,6,15
1905,13,5,21,25,2020,12,15
1906,12,7,23,9,2020,10,1
1907,14,29,20,31,2020,9,26
1908,12,41,18,47,2020,5,19
1909,11,51,20,40,2020,9,3
1910,13,30,17,17,2020,2,26
1911,11,34,20,49,2020,2,28
1912,10,6,22,24,2020,5,13
1913,16,26,20,49,2020,9,6
1914,12,39,23,55,2020,11,28
1915,14,20,21,27,2020,6,13
1916,14,41,22,25,2020,5,10
1917,16,0,23,59,2020,8,21
1918,15,8,20,9,2020,8,24
1919,15,43,22,50,2020,3,28
1920,11,7,23,32,2020,1,10
1921,11,35,18,34,2020,10,5
1922,16,45,23,50,2020,3,26
1923,10,48,22,24,2020,12,8
1924,13,38,21,7,2020,6,30
1925,11,39,22,17,2020,8,12
1926,12,47,17,20,2020,9,1
1927,10,34,20,17,2020,10,1
1928,12,35,23,40,2020,3,22
1929,15,32,20,36,2020,6,18
1930,10,0,19,31,2020,6,28
1931,16,28,20,50,2020,11,1
1932,15,12,17,5,2020,8,8
1933,14,49,21,41,2020,4,11
1934,11,0,21,54,2020,7,22
1935,10,13,23,24,2020,4,28
1936,14,18,22,15,2020,12,10
1937,10,41,22,31,2020,2,15
1938,11,10,21,43,2020,9,10
1939,10,9,19,39,2020,3,26
1940,13,9,23,56,2020,7,4
1941,11,1,23,44,2020,3,8
1942,14,16,18,4,2020,10,22
1943,14,22,18,17,2020,7,28
1944,10,39,17,16,2020,11,22
1945,10,6,18,56,2020,4,23
1946,10,29,20,53,2020,4,16
1947,11,21,23,31,2020,11,13
1948,13,47,22,3,2020,10,1
1949,15,34,17,29,2020,5,27
1950,13,21,23,42,2020,7,10
1951,12,46,19,16,2020,9,14
1952,12,8,22,12,2020,1,23
1953,14,35,18,29,2020,2,25
1954,14,51,21,51,2020,4,13
1955,16,30,19,28,2020,4,7
1956,16,21,21,10,2020,11,6
1957,12,13,20,58,2020,7,26
1958,12,14,18,44,2020,6,9
1959,14,20,19,36,2020,2,27
1960,16,11,22,7,2020,12,21
1961,10,48,18,19,2020,11,6
1962,13,17,23,2,2020,5,9
1963,12,55,22,18,2020,9,10
1964,10,50,23,53,2020,12,2
1965,16,27,22,9,2020,7,23
1966,16,18,19,15,2020,1,28
1967,11,53,23,0,2020,10,31
1968,16,32,22,43,2020,11,14
1969,12,20,20,31,2020,5,8
1970,12,35,20,15,2020,6,29
1971,16,45,23,41,2020,12,26
1972,13,1,17,59,2020,2,10
1973,13,24,21,54,2020,2,3
1974,15,36,18,49,2020,7,29
1975,12,15,18,40,2020,7,8
1976,10,14,17,29,2020,11,1
1977,12,25,19,44,2020,10,16
1978,14,13,18,28,2020,9,5
1979,13,35,19,10,2020,12,23
1980,10,48,21,37,2020,11,18
1981,12,43,23,54,2020,12,17
1982,15,49,20,15,2020,5,7
1983,10,3,19,4,2020,7,13
1984,14,22,20,55,2020,4,14
1985,16,7,22,30,2020,2,3
1986,15,46,17,10,2020,5,3
1987,12,19,18,55,2020,3,10
1988,16,44,21,3,2020,12,21
1989,16,28,21,51,2020,11,3
1990,15,13,19,6,2020,11,25
1991,12,20,18,4,2020,1,30
1992,13,53,20,43,2020,9,26
1993,12,18,23,32,2020,11,23
1994,13,59,17,30,2020,6,1
1995,14,18,17,0,2020,5,25
1996,14,15,17,6,2020,11,16
1997,13,10,22,50,2020,7,2
1998,15,39,17,13,2020,7,8
1999,11,50,17,5,2020,4,23
2000,12,9,23,0,2020,5,14
2001,11,0,20,29,2020,11,18
2002,15,39,21,15,2020,4,22
2003,12,18,21,4,2020,2,10
2004,15,36,22,43,2020,6,28
2005,10,11,18,45,2020,4,18
2006,13,1,17,56,2020,2,22
2007,13,48,23,33,2020,11,9
2008,10,27,17,9,2020,5,19
2009,12,33,20,35,2020,3,3
2010,14,39,22,28,2020,10,30
2011,13,4,22,6,2020,2,14
2012,15,55,20,26,2020,11,23
2013,16,51,19,26,2020,4,11
2014,16,51,19,25,2020,9,19
2015,15,15,19,6,2020,11,10
2016,14,4,22,3,2020,1,16
2017,13,49,19,9,2020,1,15
2018,10,15,17,39,2020,12,9
2019,14,31,21,52,2020,8,11
2020,15,22,22,42,2020,10,20
2021,16,0,17,19,2020,10,20
2022,14,38,21,22,2020,9,29
2023,16,45,22,32,2020,8,18
2024,15,14,21,41,2020,4,12
2025,11,27,17,26,2020,11,29
2026,11,55,21,25,2020,5,16
2027,15,59,17,21,2020,11,26
2028,10,25,18,15,2020,10,23
2029,16,36,20,48,2020,6,7
2030,15,21,18,22,2020,8,19
2031,11,39,19,27,2020,11,18
2032,13,6,22,3,2020,3,25
2033,10,5,22,23,2020,8,31
2034,12,50,18,43,2020,10,12
2035,15,6,22,31,2020,7,13
2036,15,8,23,18,2020,4,17
2037,16,43,19,33,2020,8,23
2038,15,52,19,1,2020,11,12
2039,15,52,21,19,2020,7,3
2040,12,51,19,42,2020,11,28
2041,14,13,20,9,2020,5,19
2042,15,56,23,33,2020,3,18
2043,12,9,18,40,2020,7,11
2044,15,17,23,54,2020,2,23
2045,16,15,20,0,2020,9,20
2046,15,31,23,30,2020,10,17
2047,13,6,19,40,2020,7,30
2048,13,10,17,37,2020,12,11
2049,13,29,23,32,2020,6,6
2050,11,6,18,56,2020,2,28
2051,11,11,19,15,2020,11,14
2052,16,42,20,0,2020,12,6
2053,14,7,20,14,2020,4,6
2054,15,47,18,24,2020,9,2
2055,11,20,20,33,2020,6,10
2056,12,28,23,7,2020,4,22
2057,11,36,23,46,2020,10,15
2058,12,34,18,34,2020,5,30
2059,10,56,21,49,2020,5,10
2060,15,23,21,3,2020,4,13
2061,16,31,19,59,2020,7,19
2062,11,1,17,53,2020,6,19
2063,12,27,17,0,2020,1,24
2064,12,9,17,56,2020,6,8
2065,10,11,17,54,2020,5,17
2066,12,16,23,0,2020,9,12
2067,11,59,21,9,2020,8,23
2068,10,51,20,17,2020,3,2
2069,12,22,22,17,2020,4,9
2070,11,4,19,44,2020,12,4
2071,15,51,17,36,2020,3,7
2072,10,43,18,3,2020,12,20
2073,13,34,21,20,2020,4,19
2074,10,15,17,54,2020,6,17
2075,16,23,21,43,2020,8,3
2076,15,32,17,50,2020,1,1
2077,12,45,23,15,2020,1,8
2078,15,30,19,16,2020,12,14
2079,14,0,17,42,2020,9,17
2080,12,11,22,33,2020,2,6
2081,15,22,21,43,2020,9,29
2082,15,17,23,12,2020,11,14
2083,13,38,21,55,2020,8,29
2084,11,38,23,17,2020,8,12
2085,11,40,18,44,2020,3,7
2086,12,44,21,20,2020,11,29
2087,12,58,18,13,2020,8,5
2088,14,52,17,32,2020,11,20
2089,16,33,23,5,2020,12,12
2090,10,48,23,19,2020,11,8
2091,13,50,23,13,2020,8,20
2092,11,0,18,0,2020,2,22
2093,13,5,19,54,2020,8,23
2094,10,38,19,17,2020,7,10
2095,14,48,17,3,2020,9,10
2096,12,20,23,47,2020,9,8
2097,13,10,21,24,2020,6,7
2098,16,17,23,2,2020,10,31
2099,13,9,20,14,2020,3,25
2100,14,55,17,26,2020,5,6
2101,14,36,23,30,2020,9,19
2102,16,53,17,27,2020,7,3
2103,11,20,18,28,2020,9,11
2104,13,51,18,19,2020,6,7
2105,12,22,20,43,2020,11,21
2106,11,3,20,11,2020,7,19
2107,12,2,19,27,2020,6,27
2108,11,19,17,21,2020,2,9
2109,15,30,23,45,2020,2,17
2110,14,24,23,45,2020,2,11
2111,11,21,23,34,2020,6,9
2112,15,10,22,29,2020,3,10
2113,13,10,19,39,2020,11,20
2114,15,54,23,28,2020,3,28
2115,14,33,18,13,2020,9,24
2116,14,15,19,59,2020,11,2
2117,13,11,19,23,2020,10,13
2118,10,59,18,10,2020,12,4
2119,11,17,22,26,2020,7,8
2120,11,29,21,2,2020,8,23
2121,16,34,19,4,2020,1,23
2122,10,21,21,47,2020,10,30
2123,10,1,20,34,2020,3,14
2124,16,5,18,25,2020,12,16
2125,10,37,17,14,2020,10,7
2126,15,26,17,35,2020,1,7
2127,13,50,20,21,2020,8,11
2128,14,27,19,25,2020,11,23
2129,13,40,18,20,2020,8,14
2130,13,26,17,52,2020,9,14
2131,15,17,20,44,2020,3,29
2132,15,0,19,5,2020,9,20
2133,13,28,20,59,2020,12,6
2134,10,25,21,51,2020,9,23
2135,15,11,17,43,2020,6,27
2136,16,54,17,31,2020,6,25
2137,16,59,18,19,2020,9,21
2138,15,11,18,47,2020,6,27
2139,13,54,18,47,2020,4,6
2140,12,49,20,1,2020,3,14
2141,10,6,22,32,2020,3,18
2142,10,18,19,40,2020,3,31
2143,13,54,22,14,2020,9,30
2144,12,11,22,11,2020,1,31
2145,12,20,21,52,2020,2,18
2146,15,23,20,39,2020,8,3
2147,11,19,17,19,2020,1,22
2148,13,28,19,12,2020,2,19
2149,10,39,18,11,2020,9,4
2150,10,34,19,34,2020,2,4
2151,14,58,21,58,2020,10,9
2152,13,4,21,16,2020,12,8
2153,12,46,19,33,2020,11,15
2154,11,13,20,19,2020,4,20
2155,13,47,18,3,2020,12,20
2156,10,35,23,50,2020,3,2
2157,15,13,21,33,2020,12,3
2158,12,53,21,7,2020,11,11
2159,15,56,22,45,2020,2,1
2160,10,38,22,20,2020,7,14
2161,14,54,21,45,2020,8,7
2162,11,4,19,37,2020,4,21
2163,11,53,18,0,2020,4,14
2164,10,18,21,3,2020,1,16
2165,14,46,17,30,2020,2,3
2166,10,37,20,15,2020,9,2
2167,13,17,23,44,2020,10,5
2168,15,49,20,41,2020,10,11
2169,16,17,17,17,2020,8,30
2170,12,33,21,46,2020,6,30
2171,10,56,18,18,2020,4,7
2172,14,28,18,45,2020,7,1
2173,14,34,21,12,2020,4,12
2174,12,57,22,9,2020,8,29
2175,12,0,19,34,2020,1,15
2176,15,53,17,32,2020,5,27
2177,14,10,22,50,2020,12,13
2178,13,37,18,19,2020,1,23
2179,15,28,18,22,2020,2,15
2180,11,3,20,41,2020,12,23
2181,14,13,20,34,2020,10,1
2182,13,53,20,45,2020,6,28
2183,10,23,17,8,2020,1,9
2184,14,34,21,57,2020,6,9
2185,13,37,20,14,2020,12,24
2186,10,8,19,35,2020,11,13
2187,12,9,21,27,2020,4,13
2188,10,40,19,34,2020,12,25
2189,13,23,22,33,2020,4,7
2190,12,22,17,17,2020,6,7
2191,11,37,23,53,2020,10,31
2192,13,0,17,36,2020,8,25
2193,11,19,21,36,2020,11,23
2194,15,49,19,43,2020,7,30
2195,11,19,23,52,2020,5,28
2196,10,37,21,25,2020,3,11
2197,12,25,18,1,2020,11,7
2198,16,20,20,33,2020,8,19
2199,14,33,17,0,2020,12,27
2200,16,49,19,13,2020,2,29
2201,16,17,22,47,2020,4,22
2202,13,14,21,51,2020,8,22
2203,10,38,23,25,2020,5,14
2204,10,27,22,39,2020,4,3
2205,11,33,17,33,2020,5,31
2206,12,6,22,36,2020,7,15
2207,12,7,17,20,2020,1,12
2208,14,16,19,19,2020,4,26
2209,13,0,21,44,2020,1,6
2210,13,2,22,14,2020,12,20
2211,10,5,17,0,2020,2,27
2212,12,46,19,52,2020,5,15
2213,14,19,19,22,2020,6,19
2214,11,7,23,49,2020,6,25
2215,15,10,20,51,2020,2,10
2216,13,14,17,10,2020,11,11
2217,10,14,19,2,2020,5,2
2218,12,25,22,4,2020,8,19
2219,16,42,19,30,2020,7,19
2220,14,11,22,21,2020,7,26
2221,11,39,19,8,2020,11,2
2222,11,38,17,41,2020,3,17
2223,16,36,22,30,2020,9,5
2224,15,14,17,37,2020,1,19
2225,11,28,19,53,2020,12,24
2226,13,41,18,58,2020,7,11
2227,13,6,17,49,2020,11,17
2228,14,27,23,44,2020,7,21
2229,14,56,17,27,2020,5,22
2230,16,25,19,58,2020,1,1
2231,13,24,23,28,2020,2,22
2232,12,52,20,35,2020,11,26
2233,14,23,19,23,2020,5,20
2234,12,32,17,55,2020,11,21
2235,16,40,23,50,2020,7,24
2236,16,22,20,41,2020,3,11
2237,16,33,19,13,2020,5,18
2238,12,58,18,44,2020,9,7
2239,14,13,17,48,2020,8,15
2240,11,10,21,8,2020,10,17
2241,16,14,23,41,2020,12,7
2242,13,13,22,28,2020,10,19
2243,13,26,22,48,2020,4,4
2244,10,55,21,8,2020,9,7
2245,11,47,23,27,2020,3,24
2246,11,41,21,20,2020,9,18
2247,14,8,23,3,2020,8,24
2248,12,41,17,44,2020,12,11
2249,14,5,20,43,2020,6,23
2250,10,55,20,23,2020,4,16
2251,13,12,20,39,2020,3,19
2252,14,47,21,15,2020,8,13
2253,12,35,18,12,2020,11,3
2254,11,53,18,31,2020,7,15
2255,11,57,19,33,2020,8,5
2256,13,8,23,0,2020,11,2
2257,12,34,19,40,2020,9,17
2258,10,20,20,5,2020,1,23
2259,12,45,17,15,2020,9,17
2260,13,34,21,2,2020,4,7
2261,14,46,17,20,2020,3,25
2262,11,4,23,2,2020,12,24
2263,10,19,22,38,2020,4,27
2264,10,3,18,23,2020,8,31
2265,14,55,21,47,2020,8,2
2266,10,31,23,55,2020,6,6
2267,10,57,23,38,2020,3,4
2268,16,1,17,15,2020,2,11
2269,10,34,18,59,2020,3,24
2270,13,15,21,21,2020,7,19
2271,12,6,22,54,2020,11,9
2272,12,59,21,0,2020,6,21
2273,15,28,20,34,2020,8,21
2274,15,55,21,45,2020,8,13
2275,10,30,20,49,2020,4,25
2276,13,42,19,38,2020,12,25
2277,10,13,23,52,2020,5,12
2278,11,9,21,59,2020,1,25
2279,16,53,18,50,2020,7,16
2280,10,41,21,18,2020,10,30
2281,16,38,21,32,2020,7,19
2282,14,6,23,50,2020,9,4
2283,14,23,20,19,2020,10,5
2284,10,5,22,44,2020,2,13
2285,10,5,22,16,2020,3,27
2286,16,48,20,17,2020,2,12
2287,11,57,22,45,2020,4,20
2288,10,28,18,5,2020,12,3
2289,13,34,19,9,2020,4,28
2290,10,56,22,42,2020,7,17
2291,15,14,17,45,2020,10,22
2292,10,56,20,33,2020,1,4
2293,15,7,17,23,2020,7,29
2294,15,12,18,28,2020,5,12
2295,13,1,22,25,2020,4,29
2296,15,15,18,26,2020,1,29
2297,13,29,23,36,2020,10,15
2298,12,25,19,10,2020,8,2
2299,16,31,20,45,2020,7,7
2300,16,33,21,45,2020,11,13
2301,14,48,22,35,2020,1,13
2302,16,38,21,56,2020,11,7
2303,16,32,20,47,2020,1,19
2304,10,20,23,41,2020,11,26
2305,15,25,22,34,2020,7,17
2306,11,7,17,58,2020,12,22
2307,16,14,17,16,2020,6,29
2308,16,49,19,38,2020,10,7
2309,13,15,22,54,2020,6,2
2310,10,10,23,42,2020,7,5
2311,11,44,17,50,2020,3,25
2312,15,48,22,36,2020,4,24
2313,12,30,18,32,2020,6,24
2314,14,38,22,57,2020,6,26
2315,15,50,23,56,2020,9,15
2316,11,29,20,54,2020,6,27
2317,14,45,19,52,2020,1,17
2318,15,25,20,12,2020,4,15
2319,10,50,23,3,2020,2,6
2320,15,19,21,40,2020,5,12
2321,16,13,18,54,2020,6,19
2322,12,10,23,7,2020,1,9
2323,14,55,17,52,2020,12,24
2324,13,40,23,59,2020,1,23
2325,15,9,21,50,2020,6,25
2326,10,9,20,18,2020,9,17
2327,16,25,19,43,2020,1,3
2328,15,46,20,43,2020,7,12
2329,12,38,18,38,2020,5,1
2330,12,34,18,37,2020,7,14
2331,16,1,21,1,2020,6,8
2332,10,32,19,26,2020,12,16
2333,11,39,20,48,2020,8,25
2334,14,14,19,18,2020,4,14
2335,10,38,19,15,2020,12,14
2336,11,47,17,24,2020,2,20
2337,11,24,23,3,2020,1,1
2338,11,2,23,2,2020,3,28
2339,15,39,21,30,2020,8,3
2340,10,37,19,51,2020,5,7
2341,14,43,22,9,2020,11,2
2342,10,54,17,31,2020,3,3
2343,13,2,19,41,2020,3,6
2344,15,15,22,52,2020,11,6
2345,10,42,23,19,2020,4,18
2346,11,23,22,12,2020,7,28
2347,14,21,19,51,2020,11,30
2348,14,50,18,31,2020,4,4
2349,15,47,21,49,2020,5,10
2350,12,34,19,8,2020,1,6
2351,15,31,17,41,2020,8,15
2352,11,44,23,1,2020,3,4
2353,11,21,18,9,2020,9,26
2354,11,18,19,54,2020,12,9
2355,12,21,18,42,2020,9,11
2356,14,11,22,13,2020,6,19
2357,11,39,23,38,2020,2,22
2358,16,12,23,8,2020,10,9
2359,11,13,17,14,2020,1,24
2360,11,45,17,8,2020,7,30
2361,12,57,18,37,2020,1,25
2362,13,55,22,24,2020,11,9
2363,14,36,17,26,2020,5,7
2364,10,13,19,56,2020,2,27
2365,16,59,18,6,2020,12,3
2366,12,42,18,5,2020,10,18
2367,10,47,18,46,2020,10,14
2368,11,35,22,55,2020,7,26
2369,16,29,22,48,2020,11,19
2370,12,35,19,14,2020,1,14
2371,15,42,17,45,2020,6,18
2372,12,54,22,32,2020,12,3
2373,15,42,17,5,2020,7,3
2374,14,4,17,22,2020,8,1
2375,13,0,19,29,2020,9,4
2376,13,39,23,51,2020,2,8
2377,15,46,18,25,2020,7,14
2378,12,46,20,29,2020,3,3
2379,14,26,19,56,2020,3,24
2380,11,17,17,30,2020,6,14
2381,12,13,20,11,2020,4,27
2382,12,21,20,30,2020,8,25
2383,15,11,21,59,2020,11,23
2384,14,19,22,42,2020,7,2
2385,12,2,20,51,2020,6,25
2386,12,35,17,10,2020,8,18
2387,14,0,21,6,2020,6,13
2388,11,45,19,13,2020,11,3
2389,11,26,17,24,2020,5,26
2390,12,59,21,59,2020,3,23
2391,11,4,17,24,2020,2,12
2392,10,37,21,8,2020,6,21
2393,12,35,22,52,2020,1,29
2394,13,39,19,24,2020,6,9
2395,14,15,21,5,2020,10,4
2396,15,4,20,58,2020,3,5
2397,14,56,19,54,2020,7,28
2398,16,4,22,58,2020,7,19
2399,12,42,23,23,2020,10,1
2400,11,7,19,53,2020,3,9
2401,14,2,20,23,2020,11,30
2402,13,44,21,48,2020,10,5
2403,11,42,22,15,2020,1,2
2404,13,52,19,49,2020,10,23
2405,12,38,17,0,2020,11,30
2406,10,59,18,30,2020,2,6
2407,10,44,22,15,2020,1,10
2408,16,14,17,49,2020,2,20
2409,12,8,23,35,2020,3,24
2410,12,36,23,35,2020,2,7
2411,14,30,18,22,2020,4,4
2412,13,25,22,0,2020,1,28
2413,11,20,20,9,2020,1,28
2414,11,56,22,18,2020,2,11
2415,15,42,23,0,2020,9,19
2416,11,18,23,29,2020,5,5
2417,12,11,18,54,2020,11,13
2418,13,23,19,6,2020,4,11
2419,15,40,19,31,2020,6,22
2420,14,21,20,18,2020,1,17
2421,12,12,21,25,2020,3,18
2422,16,36,21,23,2020,8,9
2423,11,50,21,1,2020,1,12
2424,11,28,20,34,2020,4,24
2425,15,49,21,29,2020,1,10
2426,11,31,22,7,2020,10,18
2427,11,29,18,32,2020,10,9
2428,16,0,22,0,2020,6,5
2429,15,11,23,14,2020,5,7
2430,12,45,21,46,2020,1,10
2431,13,55,20,13,2020,6,21
2432,14,12,22,45,2020,9,4
2433,10,13,23,26,2020,2,3
2434,13,18,20,56,2020,2,7
2435,12,0,18,14,2020,7,18
2436,14,3,18,32,2020,8,4
2437,12,37,18,39,2020,9,2
2438,11,20,17,10,2020,8,2
2439,14,1,23,23,2020,5,23
2440,13,39,21,6,2020,10,1
2441,11,50,17,29,2020,10,19
2442,12,30,20,8,2020,4,28
2443,11,1,23,31,2020,11,27
2444,11,2,22,57,2020,12,12
2445,15,23,23,33,2020,5,17
2446,13,51,18,36,2020,2,10
2447,13,5,23,16,2020,7,30
2448,11,43,22,31,2020,2,16
2449,14,48,17,24,2020,3,1
2450,12,27,18,22,2020,8,29
2451,12,9,20,47,2020,9,30
2452,13,2,20,39,2020,12,4
2453,11,21,20,28,2020,5,20
2454,11,29,21,46,2020,10,3
2455,16,59,18,29,2020,1,30
2456,15,56,18,23,2020,5,22
2457,14,18,21,30,2020,4,13
2458,11,0,19,54,2020,7,13
2459,10,40,17,48,2020,10,22
2460,12,54,20,31,2020,9,28
2461,11,5,17,36,2020,5,22
2462,13,47,22,52,2020,10,10
2463,15,43,17,59,2020,5,16
2464,11,46,23,31,2020,10,21
2465,15,23,21,39,2020,1,6
2466,16,10,20,15,2020,6,4
2467,10,28,20,9,2020,4,21
2468,16,19,19,54,2020,10,6
2469,15,2,19,33,2020,5,2
2470,11,49,19,14,2020,10,29
2471,11,33,21,43,2020,3,9
2472,12,56,17,47,2020,8,3
2473,12,25,23,13,2020,12,13
2474,15,23,23,25,2020,4,3
2475,10,10,17,46,2020,3,9
2476,10,34,21,54,2020,2,12
2477,14,43,21,15,2020,11,22
2478,12,51,18,40,2020,8,18
2479,15,51,21,39,2020,6,5
2480,15,15,22,28,2020,6,2
2481,13,44,17,54,2020,5,10
2482,13,44,20,36,2020,12,20
2483,13,45,20,56,2020,7,31
2484,15,0,17,46,2020,7,20
2485,10,27,20,59,2020,11,5
2486,16,58,19,5,2020,2,28
2487,13,32,23,28,2020,4,17
2488,16,51,17,52,2020,6,14
2489,12,10,17,43,2020,9,12
2490,14,37,22,10,2020,6,9
2491,11,26,19,14,2020,9,12
2492,16,32,17,52,2020,8,16
2493,13,2,17,25,2020,4,9
2494,15,46,22,48,2020,11,13
2495,11,24,22,53,2020,9,26
2496,11,27,18,42,2020,5,26
2497,15,59,19,47,2020,7,10
2498,10,16,23,41,2020,9,12
2499,12,37,20,7,2020,3,2
2500,12,51,22,53,2020,10,29
