id,id_kierowcy,id_adresu,pensja_netto,rok_podpisania_umowy,miesiac_podpisania_umowy,dzien_podpisania_umowy
1,1,585,3330,2008,4,2
2,2,712,2181,1999,4,19
3,3,736,3390,2005,4,14
4,4,1392,2307,1990,4,20
5,5,1573,3129,1991,4,29
6,6,2267,3254,1994,3,22
7,7,2193,2176,2007,12,20
8,8,1434,2453,2008,9,20
9,9,2363,2129,1993,1,9
10,10,447,2160,2010,12,10
11,11,1740,2898,1992,9,11
12,12,2049,3300,1991,1,3
13,13,1297,2111,1994,7,4
14,14,716,2372,2013,9,27
15,15,2108,2982,2003,2,4
16,16,906,2552,2004,6,22
17,17,1154,2739,2000,4,25
18,18,553,2138,2012,10,8
19,19,2215,3040,2002,7,3
20,20,2328,2137,2000,10,30
21,21,306,2047,2002,6,10
22,22,1278,2480,2004,5,3
23,23,1256,2889,1998,5,5
24,24,1340,2800,2009,7,5
25,25,1402,3108,2005,1,18
26,26,1541,2053,1993,2,26
27,27,474,2731,1992,1,19
28,28,1436,2027,2014,3,2
29,29,1557,2955,2004,10,21
30,30,406,3302,2014,7,21
31,31,557,2448,2007,8,15
32,32,6,2924,1992,6,28
33,33,77,2054,2009,8,26
34,34,1147,2861,1992,3,13
35,35,99,2417,2012,1,10
36,36,207,2807,2007,11,14
37,37,1065,2334,1993,5,27
38,38,664,2253,1992,4,16
39,39,414,2939,1997,11,7
40,40,2293,3322,2001,4,25
41,41,154,2334,1997,8,2
42,42,281,2789,2000,1,13
43,43,2249,3239,1999,1,24
44,44,1942,3014,2011,2,10
45,45,354,2274,2005,3,11
46,46,816,2885,2005,3,8
47,47,2337,2135,1995,10,15
48,48,1199,3095,2013,1,5
49,49,1031,2253,2005,1,5
50,50,788,2373,2003,12,8
51,51,1880,2083,2007,7,24
52,52,236,2093,2008,5,28
53,53,2257,2894,2006,1,16
54,54,368,2108,2003,12,18
55,55,916,2126,2001,2,19
56,56,833,3072,2001,12,5
57,57,2138,2571,2012,5,10
58,58,2150,2945,2004,1,7
59,59,802,2804,1995,7,24
60,60,239,2448,2014,5,6
61,61,2105,2982,1995,1,1
62,62,1228,2365,2001,4,9
63,63,1030,2851,1992,11,4
64,64,1724,2230,1994,5,8
65,65,167,2613,2010,3,18
66,66,383,2146,2004,6,6
67,67,490,3277,2013,8,7
68,68,681,2621,2012,10,15
69,69,782,3237,1999,8,29
70,70,2477,2876,1998,1,30
71,71,1483,2704,2010,7,22
72,72,1767,3492,2003,10,22
73,73,1257,2491,2005,3,17
74,74,1039,2360,2014,12,28
75,75,572,3160,1995,3,21
76,76,642,3289,1992,12,23
77,77,987,2488,1996,7,28
78,78,523,2631,2003,5,21
79,79,1905,2038,1993,7,1
80,80,2289,2534,1993,7,2
81,81,2357,2751,2000,8,24
82,82,902,2493,2012,7,8
83,83,620,2600,2006,11,16
84,84,369,3386,2010,5,25
85,85,2324,2462,2011,7,7
86,86,673,2095,1999,2,12
87,87,551,3306,1990,12,21
88,88,1123,2831,2008,11,3
89,89,1324,3055,1997,12,1
90,90,673,2204,2014,11,8
91,91,2321,2847,1994,5,28
92,92,430,3488,2006,5,16
93,93,1507,3340,2008,8,27
94,94,802,3314,2007,11,9
95,95,683,3147,1992,5,5
96,96,444,2010,2001,4,14
97,97,1897,2738,2008,12,9
98,98,1844,3211,2013,2,19
99,99,710,2190,2012,6,10
100,100,1946,3302,2002,9,16
101,101,638,2294,1990,12,4
102,102,58,2872,1998,7,2
103,103,385,2240,2009,12,1
104,104,972,2472,2006,7,14
105,105,378,2026,1993,11,8
106,106,1506,2821,1990,1,9
107,107,1820,2634,1997,3,15
108,108,2046,2717,2009,6,3
109,109,503,3120,2000,7,6
110,110,1506,2695,2010,8,5
111,111,843,3477,2008,4,16
112,112,1577,3435,2011,2,4
113,113,1270,3067,1990,9,3
114,114,1042,2973,1994,12,28
115,115,2203,3093,2010,7,24
116,116,1932,2920,1995,5,17
117,117,981,2303,2002,8,18
118,118,2273,3402,2006,1,15
119,119,690,2887,2002,6,25
120,120,2272,2155,2008,3,2
121,121,2368,2297,1999,5,26
122,122,1564,2781,2014,10,20
123,123,2054,2755,1992,8,10
124,124,669,2742,2013,5,25
125,125,2187,2742,2012,1,1
126,126,249,2457,1991,10,27
127,127,1052,2522,1992,3,3
128,128,512,2920,2010,10,20
129,129,1830,2931,2006,2,5
130,130,1304,2954,2008,6,6
131,131,90,2347,2013,8,22
132,132,67,3317,2009,7,21
133,133,1552,2535,2012,6,10
134,134,566,2985,2008,11,8
135,135,584,2355,2000,5,1
136,136,1806,2794,2003,4,12
137,137,1406,2267,2012,2,28
138,138,345,2466,1992,12,11
139,139,1475,2017,2000,1,8
140,140,1684,3427,1999,8,12
141,141,425,2764,1996,1,4
142,142,1511,2173,1990,4,22
143,143,816,2118,2010,3,12
144,144,2383,3319,2009,11,16
145,145,2066,2854,1998,11,26
146,146,673,3405,2002,4,2
147,147,2176,2197,2001,1,7
148,148,889,3373,2011,10,3
149,149,739,2370,2005,10,4
150,150,1005,3391,1997,1,16
151,151,1206,2255,2013,9,8
152,152,322,3439,1992,7,14
153,153,2464,2636,1993,6,2
154,154,1773,2818,1992,7,18
155,155,2090,3360,1999,2,19
156,156,1966,2630,1999,11,11
157,157,571,2146,1998,5,9
158,158,711,3174,2013,12,4
159,159,402,2976,2011,1,13
160,160,1797,2922,2010,2,14
161,161,913,2123,2010,2,23
162,162,1613,3296,1990,8,3
163,163,2258,2015,1998,11,3
164,164,2448,2580,1992,7,6
165,165,1258,2984,1995,1,17
166,166,224,2964,2014,12,24
167,167,1093,3120,1997,10,29
168,168,1673,3299,1995,9,7
169,169,370,3466,2007,1,15
170,170,1264,3421,1990,1,21
171,171,2073,2292,1991,2,25
172,172,1719,2581,1998,1,16
173,173,1760,2312,2010,9,12
174,174,306,2384,1990,2,14
175,175,934,3030,2007,8,2
176,176,1049,3455,2000,5,2
177,177,1621,2487,1997,5,29
178,178,139,3251,1997,9,19
179,179,1119,2385,2009,11,16
180,180,581,2091,2012,2,7
181,181,1598,2512,2002,5,8
182,182,943,3230,2000,6,22
183,183,2115,3243,2009,8,21
184,184,2031,3437,2008,11,4
185,185,1276,2530,2012,10,14
186,186,16,2931,1995,12,13
187,187,888,2990,1995,11,18
188,188,2281,2288,2011,5,5
189,189,1863,2933,2002,3,19
190,190,950,2614,1990,10,6
191,191,2018,2378,1999,12,23
192,192,255,2545,1992,7,16
193,193,1545,3256,2002,8,29
194,194,1034,2962,2013,4,15
195,195,291,2721,2003,6,16
196,196,2087,2772,1997,10,29
197,197,1606,2378,2009,4,11
198,198,1631,3271,2000,12,6
199,199,230,2818,1990,11,22
200,200,1952,3327,2011,5,2
201,201,1663,3132,2008,12,15
202,202,2267,3309,2008,11,29
203,203,463,3146,2006,3,10
204,204,281,2615,1998,8,2
205,205,2271,2199,2008,6,11
206,206,1298,2127,2009,9,22
207,207,2220,2419,2012,11,7
208,208,1716,2425,2011,3,8
209,209,1101,3360,2007,10,28
210,210,1020,2378,1996,8,31
211,211,1856,3382,1991,8,10
212,212,1576,2710,1999,2,8
213,213,2342,3397,2008,4,25
214,214,87,2187,2009,5,26
215,215,1152,2707,1992,12,9
216,216,49,3466,1995,1,25
217,217,480,2902,2014,7,4
218,218,785,2035,1996,11,4
219,219,1072,2040,2014,12,14
220,220,2477,2189,2013,4,5
221,221,1030,3140,1992,11,6
222,222,451,2197,2011,5,25
223,223,2255,2227,1992,10,18
224,224,31,2804,2005,5,27
225,225,1622,2297,1999,2,27
226,226,1745,2283,1995,7,26
227,227,1696,2283,2007,10,19
228,228,1487,2456,2003,10,7
229,229,1931,2520,2005,11,20
230,230,317,3139,2002,6,25
231,231,688,2789,1998,10,18
232,232,888,2949,2011,9,14
233,233,2328,3078,1996,1,18
234,234,1315,2621,2008,3,22
235,235,1363,2977,2009,12,23
236,236,1845,3041,2001,8,6
237,237,886,2119,2010,7,2
238,238,2121,2282,1992,10,23
239,239,283,2686,2012,8,24
240,240,1575,2921,1995,8,22
241,241,469,2543,1999,8,8
242,242,2447,3405,2006,8,18
243,243,2128,2394,2004,5,20
244,244,159,2155,2014,10,26
245,245,275,2435,2001,10,1
246,246,621,2676,2000,4,13
247,247,1967,3104,1998,4,13
248,248,2014,3252,1994,5,20
249,249,584,3163,1998,3,11
250,250,852,2848,1998,3,13
251,251,1059,3120,2009,10,29
252,252,1034,2808,1993,2,23
253,253,2252,2413,2014,12,26
254,254,1107,2649,2005,9,9
255,255,873,2050,2006,6,13
256,256,2430,3228,1994,11,21
257,257,832,2086,2008,3,29
258,258,873,3461,2011,11,6
259,259,1303,2242,1997,8,25
260,260,2174,2425,2000,10,22
261,261,1464,3182,1998,12,25
262,262,1805,2813,2010,8,4
263,263,2430,3294,2002,11,11
264,264,1978,3379,2006,6,23
265,265,1384,3031,2005,9,29
266,266,150,2626,1993,8,8
267,267,1442,3410,1998,1,6
268,268,1588,2929,2007,4,9
269,269,1919,2923,1997,7,12
270,270,468,3044,1992,8,25
271,271,1751,2409,1993,2,8
272,272,99,2867,2014,8,27
273,273,197,2256,1991,1,7
274,274,781,2719,2007,7,4
275,275,1089,3122,1993,11,19
276,276,2351,2741,2013,4,14
277,277,2496,3243,2009,9,25
278,278,1878,3359,1991,9,18
279,279,1341,3048,2008,8,23
280,280,605,2776,1998,4,23
281,281,740,3279,1990,2,18
282,282,426,3182,1999,4,26
283,283,2066,3130,1991,10,26
284,284,255,3031,2009,1,14
285,285,922,2060,1990,10,13
286,286,2470,2584,1990,6,12
287,287,967,2960,1997,1,26
288,288,2491,3274,2004,4,7
289,289,1436,2727,2010,8,20
290,290,181,2359,2004,6,10
291,291,1948,2246,1992,7,2
292,292,293,2952,2009,8,31
293,293,1805,2805,2008,6,20
294,294,361,3406,2008,4,20
295,295,11,2844,2014,12,11
296,296,172,2852,2009,11,28
297,297,1444,3452,2002,11,16
298,298,2141,2416,1995,6,15
299,299,757,2473,1995,4,19
300,300,2373,2309,2004,9,5
301,301,1788,2620,2003,12,23
302,302,2125,2806,1999,12,25
303,303,1896,2580,1996,3,30
304,304,308,2852,2012,5,21
305,305,1716,2668,2006,2,21
306,306,1692,2529,1999,7,30
307,307,2163,3172,2001,3,5
308,308,1064,3164,2008,9,22
309,309,27,3312,2004,1,13
310,310,1300,2774,2005,3,13
311,311,519,3195,1995,1,29
312,312,294,3276,1991,10,13
313,313,1495,2908,1992,11,26
314,314,379,3420,1991,6,11
315,315,1117,2361,1993,12,26
316,316,1343,3404,2000,2,28
317,317,910,2917,2004,7,3
318,318,981,3295,2005,1,11
319,319,1857,2382,1996,3,22
320,320,1016,3158,1990,12,27
321,321,1876,2831,1999,8,2
322,322,1544,3403,2002,9,23
323,323,2045,2477,2014,12,4
324,324,2311,2675,2010,9,27
325,325,115,2694,2002,10,14
326,326,1910,2772,2004,4,21
327,327,1217,2626,1995,12,29
328,328,1716,3384,2011,7,7
329,329,583,2540,1994,6,22
330,330,191,3193,1999,7,11
331,331,674,3301,2012,5,9
332,332,823,2727,2011,8,11
333,333,532,3069,1996,10,11
334,334,2383,3236,1998,5,16
335,335,87,3421,1993,11,19
336,336,1229,2944,1997,2,3
337,337,516,2318,2012,9,25
338,338,1888,3318,2010,4,5
339,339,383,2301,2008,1,8
340,340,190,2264,2014,12,17
341,341,1429,3322,1990,11,5
342,342,967,2524,1998,3,30
343,343,2308,3425,2006,3,8
344,344,1577,2072,2009,12,22
345,345,1045,3217,2009,5,5
346,346,2399,3386,2008,6,15
347,347,758,2345,1998,3,16
348,348,2260,3114,1993,2,4
349,349,236,2037,2006,6,3
350,350,1258,2178,1993,5,17
351,351,768,2107,2000,3,11
352,352,259,2216,2014,3,10
353,353,130,2701,2001,2,17
354,354,454,3172,1993,8,12
355,355,1874,2487,1993,4,14
356,356,1987,2075,1996,12,3
357,357,2262,3338,2002,5,23
358,358,264,3493,1998,5,3
359,359,1591,3295,1995,11,8
360,360,2462,2676,2006,11,17
361,361,612,2025,1990,1,7
362,362,2433,2628,2002,10,23
363,363,278,2569,2007,2,3
364,364,1213,2226,1999,12,22
365,365,900,2133,1995,4,20
366,366,736,2584,2013,2,28
367,367,1484,2302,2003,11,1
368,368,1895,2002,2000,9,21
369,369,746,2782,1993,9,26
370,370,868,2072,1997,7,29
371,371,2297,3133,1991,9,24
372,372,855,3344,2001,5,4
373,373,1418,3147,1990,12,5
374,374,1938,2886,2005,8,22
375,375,621,2493,2003,1,21
376,376,1558,2090,2012,10,28
377,377,2221,3193,2000,3,20
378,378,2283,3046,2001,7,1
379,379,1640,2214,2009,1,31
380,380,1906,2736,1991,10,7
381,381,1670,2498,2010,3,9
382,382,2050,2833,2000,11,21
383,383,1589,2796,2004,12,24
384,384,362,2456,2013,6,4
385,385,1826,3067,2008,3,28
386,386,893,2532,2007,3,1
387,387,1130,2072,2002,1,4
388,388,1520,2774,2003,10,30
389,389,2030,3314,2002,5,25
390,390,1574,2936,2000,3,28
391,391,1247,2389,2011,12,18
392,392,2062,2833,2003,5,20
393,393,2246,2826,2011,1,23
394,394,2129,3000,2007,9,19
395,395,1845,2740,1999,2,5
396,396,2014,3380,1997,1,12
397,397,2304,2587,1992,11,21
398,398,1830,2958,2003,3,27
399,399,41,2645,2012,1,18
400,400,443,2856,1998,3,5
401,401,743,2500,1991,6,5
402,402,786,3099,2014,7,16
403,403,1537,3186,2009,8,21
404,404,1024,3273,2014,4,24
405,405,579,2503,1997,2,23
406,406,203,2626,1992,5,30
407,407,1351,3046,1994,2,16
408,408,2054,2352,1992,9,2
409,409,1733,2541,2010,3,10
410,410,1396,2469,2000,6,9
411,411,445,3475,2005,2,6
412,412,2386,2690,2007,1,10
413,413,1589,3039,1997,1,3
414,414,371,3013,1997,6,5
415,415,2170,3349,1995,5,5
416,416,312,2235,2005,1,14
417,417,973,2942,2008,9,10
418,418,1189,2274,1996,8,11
419,419,2443,2205,2002,3,7
420,420,1935,3450,1997,12,26
421,421,1313,2350,1997,8,26
422,422,2030,3076,1991,11,12
423,423,1453,2227,2009,10,12
424,424,1067,3367,2014,2,3
425,425,1533,3412,2004,7,1
426,426,788,2754,1997,7,14
427,427,1423,2814,2013,10,15
428,428,751,3014,2008,11,30
429,429,2345,3120,2002,8,7
430,430,617,2188,2007,10,25
431,431,2069,2826,2009,9,6
432,432,901,2916,2013,11,29
433,433,48,3055,2007,4,15
434,434,277,2438,1996,6,2
435,435,2205,2426,1995,5,29
436,436,446,2361,2009,12,9
437,437,13,2702,1993,11,29
438,438,1863,3265,2010,10,15
439,439,1651,2116,1999,9,30
440,440,831,2532,2007,2,18
441,441,33,2679,2000,3,14
442,442,926,3497,2012,6,28
443,443,2113,2204,2006,11,9
444,444,119,2930,1993,6,13
445,445,356,2964,2000,7,16
446,446,1524,2635,1994,10,16
447,447,2209,2461,2012,7,26
448,448,1674,2854,1994,7,26
449,449,200,2258,1998,12,14
450,450,1350,2158,1998,12,11
451,451,2131,3460,2001,4,21
452,452,1521,3495,1992,1,9
453,453,2431,3223,2006,4,6
454,454,1436,2911,1991,5,2
455,455,561,2309,2008,11,14
456,456,510,2299,2013,10,28
457,457,1195,2506,1990,11,28
458,458,1850,3390,2002,5,7
459,459,20,2838,1994,11,12
460,460,1880,2943,2003,1,21
461,461,1620,3241,2013,8,5
462,462,1950,2640,2008,6,3
463,463,275,2441,2011,6,30
464,464,555,2340,2006,2,17
465,465,1186,2391,2002,8,14
466,466,940,2684,2003,2,9
467,467,1107,3281,2012,11,1
468,468,33,2033,1993,4,21
469,469,2298,2133,2004,9,15
470,470,2041,2392,2002,4,23
471,471,596,2677,2014,4,22
472,472,223,2080,2000,10,11
473,473,1169,2485,2014,3,30
474,474,1187,2845,2004,8,22
475,475,459,2077,1994,11,4
476,476,1305,3224,2002,12,31
477,477,162,2824,1990,1,28
478,478,568,2176,2007,1,15
479,479,86,2303,2013,8,20
480,480,1373,2682,1992,1,17
481,481,1127,2137,2007,3,6
482,482,1706,2242,2007,5,25
483,483,1733,2384,2010,6,2
484,484,1724,2217,2008,4,10
485,485,1159,2847,1991,5,5
486,486,2199,2272,1992,8,28
487,487,1163,2359,1991,7,18
488,488,1722,2271,1999,6,7
489,489,427,2670,2013,7,30
490,490,1226,2883,2008,10,29
491,491,1521,3145,2008,5,15
492,492,717,2822,2000,7,19
493,493,2115,3320,2014,10,25
494,494,1970,2860,2012,6,16
495,495,2422,2024,2012,11,5
496,496,831,3182,2001,1,3
497,497,404,2815,2009,7,5
498,498,1672,2361,2007,1,30
499,499,606,2876,1992,1,22
500,500,1101,3247,2000,11,1
501,501,1173,2125,2001,7,20
502,502,1124,3449,2003,8,11
503,503,2237,2457,1990,2,22
504,504,1570,3166,1999,11,28
505,505,1384,2238,2003,10,11
506,506,1639,2102,1999,6,10
507,507,115,3152,1996,5,6
508,508,567,3280,2014,12,6
509,509,106,2206,1996,7,7
510,510,1317,2864,2001,3,29
511,511,934,3413,1996,10,30
512,512,2089,2343,2003,3,26
513,513,403,2756,1992,7,6
514,514,224,2562,2009,1,4
515,515,1552,3395,1995,6,4
516,516,2118,2162,1995,9,26
517,517,2235,3060,2004,1,7
518,518,276,2353,2003,4,6
519,519,1492,3238,1991,4,29
520,520,813,2633,1992,5,18
521,521,2136,2869,2011,1,20
522,522,1104,3106,2013,3,26
523,523,2311,3398,2003,1,11
524,524,773,2959,1994,8,4
525,525,2302,2867,1999,1,20
526,526,384,3051,2013,9,28
527,527,1957,2042,2010,8,10
528,528,1334,2709,2010,12,22
529,529,75,2045,2010,9,23
530,530,1814,2813,2013,8,18
531,531,2163,3283,2012,1,11
532,532,1332,2947,2007,12,3
533,533,309,3430,1996,12,2
534,534,60,2448,2005,5,26
535,535,2201,2855,1996,3,14
536,536,149,2507,1998,10,24
537,537,1338,3324,1995,8,14
538,538,1601,2864,2014,7,5
539,539,911,3361,2012,3,6
540,540,1897,3292,2003,6,27
541,541,1865,3237,1996,4,13
542,542,453,3342,2008,4,24
543,543,210,3029,2008,12,18
544,544,1439,2409,2013,7,22
545,545,2132,3495,2011,9,25
546,546,1819,3166,2009,11,9
547,547,2447,2783,2006,7,20
548,548,1606,3266,2008,1,20
549,549,764,3267,1994,5,30
550,550,1302,2404,1999,1,2
551,551,1401,2763,2005,11,4
552,552,910,3316,1999,3,11
553,553,1152,3095,1997,5,18
554,554,349,2293,2001,2,5
555,555,1759,2592,1990,10,29
556,556,2091,3213,2010,1,21
557,557,46,3397,2009,10,3
558,558,2368,2983,2013,1,14
559,559,15,3443,2005,11,8
560,560,1265,3040,2006,3,20
561,561,2116,3377,2000,3,9
562,562,164,3238,1991,10,12
563,563,1720,3338,2009,1,31
564,564,1010,3136,1997,3,11
565,565,2444,2291,1993,4,30
566,566,692,2624,1993,2,4
567,567,1118,2924,1997,3,27
568,568,130,2938,2007,3,13
569,569,106,2269,2013,3,25
570,570,1885,3416,1996,6,18
571,571,1686,3440,1991,12,14
572,572,1890,3432,2000,5,26
573,573,1667,2180,1995,11,25
574,574,48,2473,1998,9,13
575,575,1115,3283,2003,10,16
576,576,1024,3320,2014,4,15
577,577,2061,3470,2006,11,25
578,578,2050,3166,2010,5,12
579,579,820,2515,1995,3,9
580,580,1308,2232,1994,10,16
581,581,1443,3171,1996,8,20
582,582,1679,2510,1999,2,13
583,583,410,3383,2001,1,26
584,584,1508,2285,2014,11,14
585,585,2489,3323,1993,9,1
586,586,2090,3119,2000,11,6
587,587,2126,2794,2002,12,28
588,588,2118,2508,2008,6,21
589,589,1634,3368,1997,3,28
590,590,736,2223,2002,10,26
591,591,1512,2522,2013,5,15
592,592,1336,2214,2013,6,30
593,593,2399,3014,2005,8,20
594,594,2426,2440,2012,10,11
595,595,2358,3450,2001,4,26
596,596,1257,3038,1997,11,26
597,597,2093,2391,2006,7,16
598,598,944,2807,2013,10,13
599,599,1955,3123,2007,3,27
600,600,2062,3401,1999,2,25
601,601,612,3261,1993,6,7
602,602,905,2566,2010,3,3
603,603,1935,2886,1995,11,20
604,604,1945,2061,2008,4,15
605,605,33,3038,1995,11,9
606,606,822,2247,1993,4,26
607,607,1194,2165,2014,3,2
608,608,286,3021,1992,10,30
609,609,2128,2186,2000,4,17
610,610,669,2235,1991,10,7
611,611,776,2880,2001,12,15
612,612,2398,2079,2005,8,15
613,613,670,3461,1995,8,1
614,614,2148,3062,2011,7,2
615,615,503,2843,1995,1,15
616,616,1610,2337,1992,4,22
617,617,1598,2036,2007,2,24
618,618,816,3235,1995,8,1
619,619,1255,2326,1999,9,17
620,620,2217,2955,1994,1,11
621,621,2215,2178,2012,10,13
622,622,1195,2965,2010,11,29
623,623,1499,2196,1995,4,2
624,624,2060,2525,2004,9,30
625,625,2395,2028,1994,10,1
626,626,2188,3434,2012,10,30
627,627,602,2997,2011,10,3
628,628,1441,3035,1993,11,16
629,629,499,2231,2014,7,28
630,630,689,3275,2000,6,4
631,631,693,2220,2006,6,8
632,632,358,3045,1998,7,1
633,633,2080,2416,2013,3,14
634,634,882,2951,1997,9,23
635,635,209,3008,1990,7,12
636,636,1601,2847,2012,5,23
637,637,2176,2546,2003,3,12
638,638,1337,3277,2001,6,23
639,639,2263,2105,2014,12,14
640,640,118,2647,1999,5,20
641,641,230,2802,2011,12,10
642,642,781,2588,2011,1,19
643,643,925,2965,1990,8,21
644,644,1733,2786,1997,1,4
645,645,1155,2400,2001,11,13
646,646,1601,2891,1995,10,11
647,647,2016,2406,1990,2,8
648,648,1349,2352,2012,10,5
649,649,1817,2206,2002,8,13
650,650,1727,3010,2002,2,18
651,651,740,3376,1991,8,22
652,652,1784,2653,2009,3,30
653,653,1340,3034,2001,5,23
654,654,1122,2322,2011,9,16
655,655,894,3474,1999,5,3
656,656,1341,2341,1994,10,28
657,657,480,2144,2001,3,25
658,658,2463,3131,2003,7,16
659,659,1425,3352,2009,10,27
660,660,237,2188,1997,7,5
661,661,197,2837,1992,12,8
662,662,2417,2328,2009,5,5
663,663,352,2238,2000,5,28
664,664,990,2997,1996,6,8
665,665,389,2853,1997,1,12
666,666,569,3232,2009,6,28
667,667,1156,2400,2003,12,11
668,668,270,2359,1999,6,10
669,669,680,2076,2005,6,21
670,670,1898,3182,2010,5,2
671,671,1309,3062,2009,9,19
672,672,782,2819,2000,9,2
673,673,2321,3063,2006,12,30
674,674,937,2332,1990,8,31
675,675,1329,2629,1990,9,5
676,676,679,2302,2014,5,27
677,677,67,2477,2011,6,23
678,678,2133,2979,1990,4,5
679,679,617,3383,1993,4,15
680,680,1727,2118,2007,5,12
681,681,2419,3390,2013,4,11
682,682,1930,2619,2014,6,16
683,683,2371,2694,1997,1,19
684,684,539,3048,2013,12,11
685,685,2477,3059,2004,1,4
686,686,457,2747,2014,10,6
687,687,42,3004,1993,3,19
688,688,2477,3018,2003,1,26
689,689,898,3227,2013,11,16
690,690,893,2045,2011,1,28
691,691,979,3299,1997,3,28
692,692,2408,2982,2011,6,16
693,693,2291,3197,2009,4,2
694,694,450,2700,1993,2,28
695,695,1244,2944,1994,4,1
696,696,2399,3082,2002,10,13
697,697,2163,2321,2010,6,10
698,698,1620,2200,2009,12,28
699,699,1643,2160,2005,6,27
700,700,1566,2568,1991,2,23
701,701,1419,2783,2003,10,3
702,702,1528,2043,1997,6,10
703,703,331,2923,2009,2,27
704,704,1708,3479,2005,11,8
705,705,385,3336,1998,5,14
706,706,2447,3489,1993,12,7
707,707,125,3233,2005,7,23
708,708,906,2675,1994,1,18
709,709,2241,3407,1991,2,9
710,710,1790,2918,2013,3,3
711,711,499,3271,2011,9,9
712,712,1864,2630,1991,8,29
713,713,626,2938,2004,3,29
714,714,1690,2322,2004,1,19
715,715,1887,2416,1992,3,1
716,716,1284,2862,1994,3,2
717,717,1403,3372,1998,3,4
718,718,1688,2651,2013,12,16
719,719,1341,2012,1996,4,22
720,720,1073,2202,2009,11,2
721,721,679,2235,1993,2,19
722,722,2211,2176,2003,4,15
723,723,2106,3112,1992,4,13
724,724,2333,2148,1998,4,9
725,725,638,3145,2008,1,27
726,726,1675,2640,1993,10,28
727,727,1998,2268,2013,4,20
728,728,1025,3062,1990,2,25
729,729,598,2788,1999,6,30
730,730,2092,3352,1995,6,4
731,731,518,2141,2011,3,6
732,732,759,3135,1997,2,11
733,733,2105,3127,2010,2,13
734,734,191,3359,1992,7,9
735,735,908,2066,1995,1,22
736,736,1982,2775,2005,12,28
737,737,149,2711,1999,3,9
738,738,378,3488,2002,12,1
739,739,1974,2245,1990,5,13
740,740,713,2047,2008,9,25
741,741,1166,3374,1991,8,4
742,742,2305,2951,1992,8,7
743,743,1938,3035,2009,9,29
744,744,740,3303,2005,2,1
745,745,138,2514,1995,7,15
746,746,1824,2930,1992,11,3
747,747,351,2278,2010,2,26
748,748,737,2098,1995,4,30
749,749,535,3227,1990,5,22
750,750,1973,2626,2006,8,14
751,751,1416,2990,2004,5,16
752,752,994,2266,2007,10,14
753,753,2097,2058,1992,8,12
754,754,96,2509,2012,2,14
755,755,1480,2108,1999,11,14
756,756,2072,2065,2011,1,11
757,757,2131,2794,1995,4,22
758,758,1508,2981,1990,3,18
759,759,2246,3217,2014,12,28
760,760,1157,3244,2000,2,15
761,761,497,3076,1991,11,15
762,762,860,2816,2005,12,14
763,763,1110,3096,1991,3,20
764,764,358,2261,1997,10,23
765,765,2264,2550,2006,10,4
766,766,950,2255,2010,3,29
767,767,1483,2659,1996,6,25
768,768,1092,3171,2003,8,27
769,769,2358,2087,1997,5,20
770,770,1368,3436,2005,3,23
771,771,1364,2924,2001,4,19
772,772,1117,2332,2012,11,13
773,773,1596,2226,1999,6,9
774,774,1262,2089,1997,11,4
775,775,914,2459,2012,4,25
776,776,1082,2507,2006,2,22
777,777,2303,3215,2004,3,27
778,778,78,3244,2005,7,15
779,779,400,3098,2011,8,7
780,780,1807,2270,2012,5,29
781,781,1641,2382,2010,10,6
782,782,2283,2886,1996,3,8
783,783,1196,2987,2000,11,1
784,784,1391,2533,1993,1,13
785,785,3,2339,2014,11,22
786,786,1598,2808,2001,5,31
787,787,554,3268,2010,8,18
788,788,157,3249,2010,4,11
789,789,1446,3307,2001,9,17
790,790,508,3148,2001,4,21
791,791,454,3184,2002,10,30
792,792,195,2105,2007,5,14
793,793,1471,2472,2007,2,25
794,794,126,3312,2003,8,3
795,795,1939,2145,2010,12,11
796,796,2123,3270,1994,7,23
797,797,1815,2788,2012,8,5
798,798,1475,2362,2009,2,27
799,799,2356,2712,1996,8,30
800,800,2414,2749,1993,12,25
801,801,908,2701,1991,12,25
802,802,679,2656,2001,6,23
803,803,57,2390,1992,11,27
804,804,1645,3373,2012,6,18
805,805,175,2282,1990,3,17
806,806,1509,2539,1994,4,21
807,807,694,2405,2000,1,3
808,808,1780,2695,2011,8,10
809,809,583,2862,2011,9,20
810,810,1093,2638,1998,8,21
811,811,667,3038,2011,2,11
812,812,2217,3241,2002,10,9
813,813,186,3087,1997,6,5
814,814,1399,2771,1997,1,28
815,815,598,2032,2007,12,25
816,816,339,2059,1991,4,18
817,817,1120,2056,1991,8,18
818,818,2091,2814,1994,7,16
819,819,1763,3187,1995,5,14
820,820,2352,2253,2005,2,12
821,821,1853,3313,2001,5,14
822,822,795,2922,1992,12,2
823,823,277,2111,2008,11,11
824,824,1158,2036,2006,11,2
825,825,790,2685,2006,2,8
826,826,1077,2988,2009,3,18
827,827,1032,2827,2000,9,29
828,828,164,2807,1998,12,2
829,829,749,3497,1991,10,16
830,830,2328,3081,2003,11,7
831,831,2019,2163,2011,10,11
832,832,2433,2907,2003,5,27
833,833,1667,3398,2000,11,5
834,834,1121,3467,2002,5,3
835,835,2180,2402,2001,4,27
836,836,1077,2854,2003,6,22
837,837,1362,2304,1991,8,12
838,838,1797,2122,2000,1,18
839,839,432,2393,2012,5,14
840,840,1276,2170,1995,11,28
841,841,679,2216,2004,8,13
842,842,545,2737,1998,6,29
843,843,45,2896,1990,9,11
844,844,1255,2840,1990,10,15
845,845,2424,2258,2007,1,1
846,846,206,2183,1990,5,14
847,847,2211,3053,2010,1,28
848,848,1005,3318,2007,12,31
849,849,1406,3405,1995,9,7
850,850,2119,3088,1997,1,1
851,851,1968,2775,2003,2,8
852,852,1180,2326,2012,3,28
853,853,2384,2921,2002,10,17
854,854,1522,2241,1999,11,23
855,855,378,2848,2006,7,1
856,856,2403,3302,2006,11,3
857,857,2162,3443,1992,3,1
858,858,1764,3340,1997,10,25
859,859,925,2175,2003,7,28
860,860,2497,2283,2001,3,10
861,861,2040,2051,2005,10,27
862,862,2180,2567,2000,5,22
863,863,985,2514,2001,1,12
864,864,666,2138,2009,9,15
865,865,1673,2706,1995,6,18
866,866,1459,2880,1998,5,12
867,867,1348,3249,2007,10,23
868,868,1464,3155,2012,5,10
869,869,699,2754,2011,3,17
870,870,2046,2868,2005,9,27
871,871,949,2405,2002,5,4
872,872,1749,3346,2010,11,15
873,873,1400,2498,1992,12,15
874,874,652,2196,2011,3,14
875,875,1204,2687,1996,10,8
876,876,257,3462,2001,5,21
877,877,600,3317,1992,9,14
878,878,916,2240,1996,11,2
879,879,543,2134,2006,10,23
880,880,164,2563,2012,4,24
881,881,808,2154,2013,12,10
882,882,1693,2818,2008,10,27
883,883,2321,2631,2005,3,20
884,884,220,3006,1992,12,20
885,885,724,2288,2014,9,15
886,886,38,2643,2005,8,1
887,887,1633,2772,2011,7,24
888,888,856,2043,2006,1,16
889,889,2354,2778,1992,3,14
890,890,408,3121,2010,11,15
891,891,2208,2643,2013,11,6
892,892,2156,2932,2007,11,25
893,893,2052,2113,1996,1,13
894,894,2054,3421,2005,10,4
895,895,681,2520,1998,4,17
896,896,727,2887,2012,5,13
897,897,2251,3212,2005,10,29
898,898,1652,2759,2013,10,7
899,899,2196,3137,2005,11,29
900,900,1278,2719,2010,4,6
901,901,2124,2370,2012,1,2
902,902,1080,2042,1992,2,27
903,903,843,2707,2004,1,31
904,904,1918,3039,2002,9,5
905,905,873,2836,2006,2,7
906,906,1707,2315,2009,5,8
907,907,2327,2666,2007,7,21
908,908,2087,3120,1999,4,4
909,909,797,3025,2011,12,2
910,910,1057,2314,2009,12,9
911,911,1914,3249,2014,7,4
912,912,710,3048,1995,6,19
913,913,1206,3385,2003,5,7
914,914,561,2965,1995,5,23
915,915,394,2385,2010,4,5
916,916,2251,3086,2005,12,9
917,917,944,3224,2005,12,20
918,918,573,2390,2000,5,27
919,919,902,2281,1990,3,23
920,920,698,3062,2002,10,27
921,921,1493,3003,1993,5,17
922,922,1426,2947,2014,11,16
923,923,499,2415,1999,11,9
924,924,211,2078,1992,3,20
925,925,165,2324,2010,7,5
926,926,1610,2360,2014,3,7
927,927,93,2847,1992,6,23
928,928,588,2857,2011,6,24
929,929,1578,2613,2007,9,6
930,930,115,2089,2008,6,30
931,931,45,2003,1999,4,30
932,932,2064,2739,2000,9,6
933,933,2131,2838,2006,7,2
934,934,2250,2185,1991,12,3
935,935,1294,2729,2014,12,4
936,936,1783,2864,1998,10,25
937,937,476,3307,2011,8,15
938,938,1312,2558,2006,4,24
939,939,303,3494,2007,12,31
940,940,389,2036,1996,5,21
941,941,1707,3483,2001,8,25
942,942,1626,2035,2002,2,8
943,943,846,3096,1998,5,21
944,944,1360,3257,1995,8,7
945,945,1883,3471,2000,7,28
946,946,529,2060,1990,11,5
947,947,1470,3175,2011,4,1
948,948,1975,2094,2008,3,10
949,949,891,3376,1995,8,19
950,950,519,3072,1997,8,18
951,951,699,3411,1992,5,27
952,952,242,2199,2013,7,8
953,953,98,2830,2001,7,10
954,954,1565,2519,1995,1,19
955,955,1492,3163,1992,1,21
956,956,1298,2539,1996,2,10
957,957,852,3306,2011,12,13
958,958,1033,3278,2003,9,26
959,959,1335,2920,2006,5,17
960,960,1166,2745,1994,3,30
961,961,271,2843,1997,2,17
962,962,2147,2767,2001,12,28
963,963,1398,2987,1997,8,26
964,964,599,3467,2003,7,15
965,965,1854,3258,2001,4,28
966,966,1391,2683,1991,12,3
967,967,763,2928,2010,4,4
968,968,1150,3009,1992,8,26
969,969,869,2660,2008,2,26
970,970,799,2119,2001,1,8
971,971,1706,2820,1994,5,16
972,972,1631,3365,1997,12,11
973,973,1630,2272,2011,6,25
974,974,81,2396,2012,8,29
975,975,1427,3284,2007,8,13
976,976,1460,3197,1995,4,19
977,977,2177,2828,2000,12,18
978,978,406,2225,2005,10,20
979,979,1983,3335,2006,1,5
980,980,2075,2894,1997,4,11
981,981,1465,2481,2002,6,2
982,982,1270,2724,1994,11,1
983,983,763,2523,2010,7,20
984,984,124,2615,2003,1,16
985,985,1407,2473,2011,9,7
986,986,829,2354,2003,12,1
987,987,1642,3465,2004,1,16
988,988,2058,2784,2004,2,23
989,989,2363,2200,2006,2,16
990,990,767,2706,2000,4,28
991,991,624,3438,2002,5,11
992,992,675,3424,2013,5,3
993,993,813,2386,1990,6,13
994,994,790,3296,2013,9,20
995,995,864,3176,1991,2,21
996,996,1312,3068,1997,12,18
997,997,57,2594,2006,9,17
998,998,651,2404,2003,5,13
999,999,1328,2496,2001,8,13
1000,1000,2000,2981,1994,1,11
1001,1001,1261,2495,1990,8,10
1002,1002,1595,2497,2012,3,28
1003,1003,189,2658,2008,1,19
1004,1004,1133,2894,2008,5,14
1005,1005,1414,2514,2011,3,6
1006,1006,2215,3109,1995,12,1
1007,1007,1603,3245,1990,12,26
1008,1008,420,3048,2009,10,25
1009,1009,1682,3347,1991,9,2
1010,1010,463,3490,1996,3,17
1011,1011,966,2471,2012,2,5
1012,1012,2308,2241,2014,10,2
1013,1013,267,2502,2009,5,26
1014,1014,2298,2584,1996,2,22
1015,1015,1164,2380,1997,6,15
1016,1016,762,2228,1997,4,5
1017,1017,267,2433,1994,3,9
1018,1018,1243,3097,2001,6,1
1019,1019,2457,2646,2000,11,8
1020,1020,562,3012,1998,8,1
1021,1021,1286,2630,2006,6,7
1022,1022,957,2122,2004,10,17
1023,1023,588,2982,2004,8,6
1024,1024,590,2882,2009,9,24
1025,1025,1065,3275,2012,5,27
1026,1026,1024,2249,2002,10,23
1027,1027,1772,3265,1990,1,1
1028,1028,57,3343,1994,1,25
1029,1029,1884,3473,2006,9,28
1030,1030,499,3099,2002,4,17
1031,1031,85,3125,2001,6,6
1032,1032,470,2454,1991,4,11
1033,1033,235,3341,2001,5,5
1034,1034,240,2864,1992,4,28
1035,1035,1134,2270,1992,7,13
1036,1036,1412,2143,1994,3,21
1037,1037,2393,3130,2011,2,14
1038,1038,1431,2057,1992,2,21
1039,1039,1896,3418,2002,4,18
1040,1040,2217,3308,1990,1,30
1041,1041,48,2814,1990,9,7
1042,1042,50,2294,2003,5,4
1043,1043,1066,2388,1999,12,8
1044,1044,1440,2375,1993,9,25
1045,1045,1367,2244,2009,1,16
1046,1046,1492,3443,2014,9,30
1047,1047,342,3352,2007,10,11
1048,1048,2222,3141,2012,8,20
1049,1049,2492,2074,2005,6,18
1050,1050,2086,2618,2002,3,27
1051,1051,58,2319,2006,8,11
1052,1052,1444,3051,1993,3,13
1053,1053,109,2418,1995,4,4
1054,1054,2090,2609,2010,1,31
1055,1055,538,2180,2009,10,27
1056,1056,764,3445,2010,6,5
1057,1057,1307,3354,2000,5,1
1058,1058,2097,2075,2007,6,30
1059,1059,2360,3385,2013,4,3
1060,1060,672,2373,2009,10,16
1061,1061,1112,2253,2005,11,1
1062,1062,1945,2183,2008,9,8
1063,1063,1665,2675,1997,1,31
1064,1064,2094,2264,2007,2,8
1065,1065,2299,3123,2004,1,20
1066,1066,238,2067,1998,5,25
1067,1067,120,2022,2012,1,12
1068,1068,396,2846,1996,8,19
1069,1069,563,3444,2013,4,12
1070,1070,1351,2414,2009,11,2
1071,1071,1613,2167,1993,3,22
1072,1072,883,2509,1996,7,6
1073,1073,275,2618,1994,5,9
1074,1074,2331,2724,2002,5,8
1075,1075,1823,3441,2010,3,2
1076,1076,581,3057,2011,3,31
1077,1077,1146,2768,2013,3,10
1078,1078,1863,2568,1992,3,25
1079,1079,1687,3381,2002,2,2
1080,1080,1301,3203,1990,12,22
1081,1081,434,3172,1999,8,10
1082,1082,539,3249,2008,10,3
1083,1083,1234,3168,2011,8,28
1084,1084,1533,2150,1998,7,31
1085,1085,1967,2300,1995,11,25
1086,1086,1379,2801,2000,6,11
1087,1087,2183,3412,2002,8,15
1088,1088,1836,3045,2001,11,7
1089,1089,2419,2916,2004,3,22
1090,1090,1980,2587,1991,11,5
1091,1091,1139,3430,2004,12,28
1092,1092,1395,2624,2005,9,29
1093,1093,280,2881,2003,10,3
1094,1094,1567,2899,1996,5,22
1095,1095,1438,2311,1995,7,11
1096,1096,1273,3354,1990,3,22
1097,1097,969,2107,2013,6,9
1098,1098,1159,3092,2007,3,18
1099,1099,1530,2134,2001,7,7
1100,1100,2099,3225,1996,4,11
1101,1101,1868,2301,2011,4,19
1102,1102,52,3220,2009,9,27
1103,1103,179,2700,1996,5,4
1104,1104,1686,2644,2006,6,4
1105,1105,704,2674,1991,6,2
1106,1106,36,3368,1991,12,19
1107,1107,1884,2867,2000,5,31
1108,1108,1950,2166,2012,7,20
1109,1109,1927,2064,2000,5,31
1110,1110,623,3396,1993,12,31
1111,1111,429,2027,2011,3,24
1112,1112,1969,2935,2004,11,3
1113,1113,96,2060,1991,1,22
1114,1114,817,3346,1993,1,27
1115,1115,560,2436,2014,12,2
1116,1116,723,3290,1999,8,15
1117,1117,128,2147,2013,5,23
1118,1118,674,2147,1990,12,13
1119,1119,1456,3198,1996,4,28
1120,1120,220,2019,1994,9,8
1121,1121,292,3103,1999,8,30
1122,1122,1551,2424,1993,4,9
1123,1123,664,2540,1994,1,6
1124,1124,1021,3438,2000,10,18
1125,1125,448,2276,1998,7,18
1126,1126,1312,2596,2004,3,23
1127,1127,1315,3282,2012,12,24
1128,1128,2043,3496,2004,7,10
1129,1129,779,2084,2007,11,15
1130,1130,410,2341,2005,5,12
1131,1131,1827,2690,2000,1,4
1132,1132,969,2775,1993,8,8
1133,1133,588,2178,2013,6,10
1134,1134,1022,2052,1999,12,25
1135,1135,1957,3377,1993,2,14
1136,1136,276,3073,2013,1,15
1137,1137,1635,2989,1997,1,6
1138,1138,840,2881,2014,1,7
1139,1139,233,3208,1991,5,8
1140,1140,1326,2151,2002,6,14
1141,1141,1431,2802,2003,11,5
1142,1142,1111,2643,2010,11,9
1143,1143,1588,3164,1993,10,13
1144,1144,1899,2982,2014,12,15
1145,1145,736,2841,2002,6,29
1146,1146,1944,3175,2012,2,8
1147,1147,1525,2378,2007,5,16
1148,1148,2179,3461,2010,3,10
1149,1149,135,3075,2012,6,30
1150,1150,756,2760,2005,1,22
1151,1151,2292,3362,2004,8,19
1152,1152,577,3324,2004,12,20
1153,1153,291,3060,2013,1,12
1154,1154,701,2243,2002,10,22
1155,1155,1730,2993,2011,8,30
1156,1156,293,3366,2007,3,15
1157,1157,1076,2777,2014,10,22
1158,1158,824,3202,2013,2,20
1159,1159,1354,3231,2003,8,1
1160,1160,1565,2257,2004,11,15
1161,1161,998,2087,1994,6,2
1162,1162,1077,3453,1990,8,27
1163,1163,602,2198,2001,3,29
1164,1164,630,2287,2000,11,4
1165,1165,344,2223,2008,9,6
1166,1166,544,3018,1990,6,15
1167,1167,562,3064,2010,4,19
1168,1168,1769,2089,1997,7,18
1169,1169,2260,3397,1999,12,29
1170,1170,1188,3211,2009,1,11
1171,1171,606,2189,2013,8,2
1172,1172,94,2296,1994,8,15
1173,1173,87,2853,2004,6,8
1174,1174,1923,2181,1991,3,2
1175,1175,906,2463,1999,2,22
1176,1176,1683,2409,2011,4,22
1177,1177,725,3092,2005,4,30
1178,1178,1041,2789,1992,11,9
1179,1179,2368,3048,2005,1,16
1180,1180,1927,2120,1993,8,26
1181,1181,1811,2879,2004,3,2
1182,1182,1222,3133,2007,6,11
1183,1183,976,2641,2005,8,15
1184,1184,2140,3293,2004,2,22
1185,1185,463,2483,2003,4,15
1186,1186,1911,2445,2003,8,15
1187,1187,88,2028,1994,12,9
1188,1188,199,2795,2000,1,7
1189,1189,2479,3360,1992,2,20
1190,1190,2225,3339,2005,2,3
1191,1191,1143,2404,2007,4,16
1192,1192,2188,3077,1996,10,21
1193,1193,2087,3187,2014,8,3
1194,1194,2455,2345,2010,9,22
1195,1195,18,3437,2004,4,10
1196,1196,1659,3075,2010,9,28
1197,1197,937,2532,1994,6,26
1198,1198,424,3447,1990,8,9
1199,1199,2477,2955,2009,8,1
1200,1200,527,3200,1992,11,6
1201,1201,1236,3031,2002,3,15
1202,1202,1652,3084,1991,11,13
1203,1203,394,2729,2008,12,26
1204,1204,933,3290,1994,12,29
1205,1205,81,3453,2006,2,15
1206,1206,2218,2247,2001,3,20
1207,1207,651,2032,1998,1,18
1208,1208,1839,3004,2000,1,25
1209,1209,1894,3366,1992,10,2
1210,1210,1737,2059,2008,7,27
1211,1211,442,3173,2008,2,27
1212,1212,1078,2390,1993,7,10
1213,1213,2472,2396,1996,8,20
1214,1214,663,2349,2005,12,28
1215,1215,1524,2347,2009,1,19
1216,1216,151,3432,1995,3,29
1217,1217,1429,2550,2006,10,10
1218,1218,240,2281,2007,10,19
1219,1219,570,2729,2008,9,4
1220,1220,1386,2038,1996,2,15
1221,1221,1106,2434,2010,10,1
1222,1222,2417,2873,1990,11,19
1223,1223,1002,2078,2013,8,24
1224,1224,1162,2259,2012,12,19
1225,1225,300,2339,2003,10,26
1226,1226,627,2591,1990,3,25
1227,1227,1465,2364,1999,12,7
1228,1228,45,2456,1991,12,13
1229,1229,150,2484,2010,5,8
1230,1230,2247,2051,2006,4,17
1231,1231,1697,2065,1991,9,22
1232,1232,2213,2397,2000,1,28
1233,1233,819,3345,2011,12,17
1234,1234,1194,2317,2007,12,3
1235,1235,1267,2202,1992,7,24
1236,1236,45,3436,1992,10,30
1237,1237,1008,2244,2001,12,27
1238,1238,1264,2666,2010,10,15
1239,1239,1262,2511,1998,1,2
1240,1240,1878,2013,1993,8,22
1241,1241,380,2504,2004,1,17
1242,1242,531,2599,2011,9,22
1243,1243,545,2693,2006,5,9
1244,1244,1253,2210,2012,1,14
1245,1245,2411,2502,1990,5,15
1246,1246,1421,3234,2002,11,19
1247,1247,1478,2705,2006,11,25
1248,1248,912,2358,1990,1,13
1249,1249,2214,2727,2005,11,19
1250,1250,963,2821,2013,7,23
1251,1251,2285,3177,2010,2,3
1252,1252,1420,3370,2013,6,15
1253,1253,233,2471,1997,10,26
1254,1254,2168,3152,1995,11,13
1255,1255,1769,2396,2006,5,28
1256,1256,1407,3495,2005,9,21
1257,1257,1617,3226,1998,2,20
1258,1258,1197,2353,2005,3,4
1259,1259,1326,3053,2002,5,2
1260,1260,658,2429,2006,1,29
1261,1261,1161,2119,2004,6,15
1262,1262,689,2324,2008,1,23
1263,1263,1441,2850,2014,3,24
1264,1264,338,3384,2010,4,9
1265,1265,2414,2736,1996,12,13
1266,1266,2084,2188,1990,4,22
1267,1267,1470,2687,2003,9,18
1268,1268,1877,3279,1999,3,19
1269,1269,65,3322,2000,11,9
1270,1270,2483,2647,1996,5,16
1271,1271,504,2327,1999,10,17
1272,1272,1565,3022,2012,2,12
1273,1273,1308,3048,1991,6,15
1274,1274,1965,2146,1994,2,26
1275,1275,1148,2993,1991,12,20
1276,1276,2134,3376,1990,5,9
1277,1277,1048,2290,2006,12,29
1278,1278,1535,3231,1993,5,18
1279,1279,1815,3228,2008,1,7
1280,1280,188,3332,2009,5,8
1281,1281,1132,2450,1999,8,17
1282,1282,2304,3214,2007,9,28
1283,1283,982,3399,1997,5,4
1284,1284,1619,2824,1990,4,4
1285,1285,1252,3191,2007,7,12
1286,1286,249,3103,1993,4,29
1287,1287,1944,2660,2008,5,10
1288,1288,337,3353,1998,8,13
1289,1289,87,2319,2007,6,26
1290,1290,1271,2597,2008,11,5
1291,1291,2040,3060,2004,6,21
1292,1292,1196,2741,2009,2,27
1293,1293,136,3271,2007,2,25
1294,1294,619,2879,2012,1,14
1295,1295,1392,3143,2008,4,2
1296,1296,1135,2331,1993,5,1
1297,1297,1721,2896,2002,9,25
1298,1298,948,2129,2014,5,17
1299,1299,1496,2759,2014,12,19
1300,1300,1718,2150,1997,11,11
1301,1301,2358,2999,2001,4,11
1302,1302,1678,2740,2003,10,1
1303,1303,1774,2104,1992,7,12
1304,1304,2185,3134,2006,10,7
1305,1305,869,3029,1997,3,22
1306,1306,1121,2908,1994,12,26
1307,1307,1186,2201,1999,4,28
1308,1308,1151,2532,2010,2,7
1309,1309,475,2538,1994,7,16
1310,1310,2406,2676,1996,9,4
1311,1311,2297,2373,2010,1,5
1312,1312,218,2245,1992,6,25
1313,1313,202,2921,2007,4,12
1314,1314,1035,2992,2006,4,13
1315,1315,1149,3455,2010,6,23
1316,1316,839,2463,1992,1,15
1317,1317,1861,3364,1996,9,10
1318,1318,2118,3120,2010,10,14
1319,1319,2068,2706,2000,7,4
1320,1320,989,2426,1999,4,21
1321,1321,62,2775,1997,1,6
1322,1322,1027,2001,2003,12,29
1323,1323,491,3412,1999,8,26
1324,1324,763,2852,2001,2,21
1325,1325,901,2271,2002,11,25
1326,1326,1782,3092,1991,9,27
1327,1327,713,2423,2012,9,14
1328,1328,683,3054,2003,8,27
1329,1329,452,2227,2003,2,10
1330,1330,490,2217,1998,6,20
1331,1331,2422,3060,2007,3,7
1332,1332,86,2672,1991,9,7
1333,1333,971,2893,2007,12,18
1334,1334,995,2047,1994,3,18
1335,1335,1363,3259,1991,5,23
1336,1336,1312,2206,2013,6,21
1337,1337,707,2923,1996,5,14
1338,1338,1396,2828,1997,8,11
1339,1339,1784,2067,2009,9,18
1340,1340,599,2412,1994,8,16
1341,1341,234,2501,2005,11,2
1342,1342,1345,2798,2007,6,18
1343,1343,721,2363,2007,6,3
1344,1344,1438,2740,2006,8,16
1345,1345,912,3113,1991,1,17
1346,1346,2144,2107,2011,2,15
1347,1347,280,2485,2008,1,13
1348,1348,1590,2625,2000,7,8
1349,1349,806,3389,1997,9,10
1350,1350,1395,3098,1994,7,11
1351,1351,394,2971,1993,11,15
1352,1352,2484,3286,2003,1,6
1353,1353,72,2409,2011,5,30
1354,1354,208,2924,1996,8,9
1355,1355,1852,3055,2005,5,16
1356,1356,1837,2110,1997,1,16
1357,1357,345,2483,2004,5,29
1358,1358,498,3121,1993,10,2
1359,1359,464,2378,1998,11,4
1360,1360,28,3052,2003,1,2
1361,1361,19,3450,2004,4,8
1362,1362,497,2363,1992,11,28
1363,1363,1713,2910,2000,10,14
1364,1364,622,2490,2002,2,11
1365,1365,2461,2850,2003,10,15
1366,1366,349,2489,2012,5,29
1367,1367,264,2705,2007,11,11
1368,1368,1328,2854,1993,7,19
1369,1369,428,2109,2008,5,30
1370,1370,1792,2173,1992,7,24
1371,1371,2376,2991,2009,7,26
1372,1372,860,2448,1991,10,21
1373,1373,1445,3361,1999,9,8
1374,1374,1399,2377,2006,1,19
1375,1375,2223,2161,2013,2,11
1376,1376,2299,2436,1992,4,2
1377,1377,1123,3457,1994,10,3
1378,1378,1125,2961,2011,8,3
1379,1379,1323,2451,2007,1,8
1380,1380,2039,3413,2012,5,1
1381,1381,329,3086,1993,3,15
1382,1382,2169,2681,1994,2,8
1383,1383,1699,2880,1990,11,9
1384,1384,2486,2330,1996,10,6
1385,1385,1729,2710,2012,1,25
1386,1386,2035,3417,1992,12,10
1387,1387,2032,2042,2009,8,7
1388,1388,1010,2069,2014,4,15
1389,1389,1166,2532,1999,5,13
1390,1390,1710,2599,1996,3,22
1391,1391,117,2118,2004,10,18
1392,1392,2442,3338,1998,11,23
1393,1393,2314,2503,1998,5,15
1394,1394,1013,3412,2003,12,12
1395,1395,196,2397,2014,10,25
1396,1396,1995,2551,1998,11,8
1397,1397,2120,3230,2005,10,11
1398,1398,2160,2544,2004,1,21
1399,1399,993,2666,2012,10,5
1400,1400,1017,3243,2009,9,16
1401,1401,2428,3163,2013,1,20
1402,1402,1914,2401,1999,10,28
1403,1403,1092,2107,2009,12,28
1404,1404,795,3381,1998,6,14
1405,1405,1190,2733,2008,10,4
1406,1406,1867,2445,1999,11,1
1407,1407,421,2605,1996,5,2
1408,1408,1315,2508,1998,11,11
1409,1409,2270,2128,1995,1,18
1410,1410,2224,2780,1990,4,25
1411,1411,2000,2868,1999,10,16
1412,1412,1919,3150,2006,8,20
1413,1413,711,2190,2005,3,3
1414,1414,1289,2028,2006,1,2
1415,1415,669,3198,2010,4,9
1416,1416,56,2837,2008,1,8
1417,1417,1442,2235,2003,6,5
1418,1418,1973,3109,1998,11,8
1419,1419,1247,3406,2013,11,24
1420,1420,813,2343,2006,9,27
1421,1421,2183,2311,2014,5,29
1422,1422,2167,2743,2004,1,5
1423,1423,1634,3069,1999,2,3
1424,1424,725,2636,1996,1,17
1425,1425,1483,3033,1999,5,15
1426,1426,1912,3164,2010,5,30
1427,1427,872,2899,1992,1,27
1428,1428,668,2902,1998,12,26
1429,1429,2472,2091,2011,10,17
1430,1430,590,3280,2013,5,15
1431,1431,15,2511,1992,9,19
1432,1432,1813,2605,2003,11,7
1433,1433,419,3111,2014,6,14
1434,1434,1131,2956,2000,12,1
1435,1435,148,2125,2003,2,7
1436,1436,2453,2291,2006,9,17
1437,1437,1709,2681,1990,8,11
1438,1438,2002,3316,2008,11,17
1439,1439,288,2011,1998,4,3
1440,1440,900,2369,2008,12,12
1441,1441,2211,2237,1993,1,27
1442,1442,1689,2209,2006,6,5
1443,1443,1084,3281,2001,8,24
1444,1444,1040,2064,2014,9,9
1445,1445,1557,2488,2004,3,17
1446,1446,743,2889,2013,6,26
1447,1447,1576,2077,2009,11,18
1448,1448,519,2467,1993,3,13
1449,1449,287,2085,1993,1,10
1450,1450,1226,2833,1991,11,24
1451,1451,2242,2250,1998,3,8
1452,1452,2286,3378,1991,5,22
1453,1453,794,2538,2014,8,14
1454,1454,976,2643,1991,12,31
1455,1455,138,2037,1995,9,9
1456,1456,1871,2597,1992,1,7
1457,1457,1473,2992,2008,6,6
1458,1458,1330,3313,2008,6,5
1459,1459,1114,3077,1990,9,22
1460,1460,477,2218,2000,2,17
1461,1461,1745,2492,1993,8,27
1462,1462,483,2741,1992,3,8
1463,1463,226,3071,2009,10,11
1464,1464,703,2376,2003,6,22
1465,1465,1067,2863,2004,11,13
1466,1466,1398,2303,1995,7,21
1467,1467,1886,2489,1997,1,11
1468,1468,2284,3178,1992,4,5
1469,1469,1020,2412,2004,9,8
1470,1470,815,2401,1994,5,23
1471,1471,12,2302,2014,6,25
1472,1472,753,2733,2004,1,11
1473,1473,887,2937,1992,10,8
1474,1474,2147,2983,2001,3,5
1475,1475,1396,3109,2008,3,5
1476,1476,2378,3494,1993,8,20
1477,1477,761,2361,2013,7,10
1478,1478,1978,3076,2003,11,19
1479,1479,499,3472,2008,8,23
1480,1480,2408,2886,2007,1,3
1481,1481,405,2101,2011,5,22
1482,1482,384,2901,2010,9,16
1483,1483,151,2314,2002,12,5
1484,1484,1330,2591,1998,3,31
1485,1485,1935,2618,2013,7,5
1486,1486,1676,2555,2001,5,18
1487,1487,846,2865,2013,7,30
1488,1488,1316,2938,2006,3,14
1489,1489,2261,3007,2007,7,16
1490,1490,1796,2899,2007,2,14
1491,1491,423,2555,2010,1,21
1492,1492,1107,2915,2004,9,4
1493,1493,753,3212,2001,10,16
1494,1494,1009,3074,2005,11,18
1495,1495,358,3201,2008,8,23
1496,1496,1014,2900,1995,3,24
1497,1497,2353,2687,2005,12,19
1498,1498,2262,3154,1996,1,3
1499,1499,258,3360,1991,1,11
1500,1500,259,3439,2009,10,22
1501,1501,2437,2783,1992,9,1
1502,1502,1788,2874,1998,7,9
1503,1503,2301,2836,2006,9,4
1504,1504,1418,2589,2001,4,19
1505,1505,1690,2541,2002,11,4
1506,1506,1646,2387,1993,9,20
1507,1507,2169,2835,2004,7,4
1508,1508,254,3095,1994,3,21
1509,1509,1612,3041,2000,9,26
1510,1510,53,2567,1991,6,14
1511,1511,2341,2615,2004,10,30
1512,1512,2076,2185,2013,6,26
1513,1513,1061,2799,2009,3,18
1514,1514,1186,2428,2005,8,1
1515,1515,1691,3486,1991,12,3
1516,1516,1033,3159,2009,10,17
1517,1517,74,2971,2007,11,29
1518,1518,918,2283,1990,4,10
1519,1519,1129,2819,1991,7,12
1520,1520,209,2557,1995,5,8
1521,1521,1018,2693,1996,7,19
1522,1522,2280,3378,1994,11,28
1523,1523,2438,3192,2004,10,2
1524,1524,1312,2816,2006,12,12
1525,1525,317,3113,1991,12,15
1526,1526,861,2955,1992,10,6
1527,1527,672,2224,2014,4,18
1528,1528,822,2569,2007,11,11
1529,1529,1526,2889,1996,5,5
1530,1530,286,3440,1991,12,23
1531,1531,1679,2978,1990,9,10
1532,1532,1369,2894,2012,10,5
1533,1533,655,2982,2004,11,8
1534,1534,1374,2711,2012,4,28
1535,1535,1040,2986,2013,8,15
1536,1536,1931,2429,2000,2,27
1537,1537,499,2159,1998,11,9
1538,1538,2015,2136,2011,8,20
1539,1539,145,2529,1997,8,20
1540,1540,1206,2879,2013,7,3
1541,1541,377,2387,2003,1,5
1542,1542,2126,3159,2014,12,9
1543,1543,727,3368,2014,7,12
1544,1544,1590,2828,1993,6,12
1545,1545,2434,3383,2014,8,19
1546,1546,1511,2155,2002,8,5
1547,1547,1263,2199,1990,6,10
1548,1548,1511,3351,2014,8,26
1549,1549,549,3314,2004,1,20
1550,1550,1446,2360,2003,4,25
1551,1551,811,2563,1993,10,14
1552,1552,999,3360,2003,7,14
1553,1553,1440,2662,1999,8,20
1554,1554,1244,2258,2011,6,23
1555,1555,2297,2127,1997,10,27
1556,1556,635,3476,2008,10,24
1557,1557,856,2525,2013,8,13
1558,1558,401,2493,2013,11,17
1559,1559,1178,3078,2005,10,24
1560,1560,1546,2514,2008,11,5
1561,1561,598,2569,2005,11,24
1562,1562,702,3344,2000,6,21
1563,1563,2478,2730,2014,9,9
1564,1564,1241,3294,1999,11,17
1565,1565,2099,2643,2006,8,16
1566,1566,1268,2255,2004,9,18
1567,1567,1991,2876,1997,2,5
1568,1568,1894,3279,1998,11,10
1569,1569,21,2107,1995,12,31
1570,1570,819,2204,1996,7,7
1571,1571,11,2027,2000,12,31
1572,1572,779,3282,2008,1,20
1573,1573,659,2854,1991,12,1
1574,1574,763,3235,2008,2,14
1575,1575,1932,3036,2006,7,1
1576,1576,743,2174,1992,5,15
1577,1577,179,2354,1993,9,17
1578,1578,1242,2476,1995,2,15
1579,1579,508,2733,2011,12,20
1580,1580,867,2744,2014,12,19
1581,1581,432,3325,1994,8,23
1582,1582,847,2275,2007,7,11
1583,1583,1005,2926,2008,12,2
1584,1584,768,2078,2007,6,13
1585,1585,1666,2781,1990,4,23
1586,1586,867,2231,2014,12,1
1587,1587,1483,2147,2009,8,7
1588,1588,2295,2209,2001,5,12
1589,1589,1538,2421,1995,3,7
1590,1590,546,2906,2005,3,1
1591,1591,2347,2543,2003,3,20
1592,1592,292,2428,1991,11,1
1593,1593,989,2837,1993,11,23
1594,1594,855,3335,1992,4,13
1595,1595,814,2709,1991,2,26
1596,1596,665,2336,2009,8,30
1597,1597,1368,2911,2000,4,1
1598,1598,2260,2262,2007,3,23
1599,1599,1033,2509,1994,11,22
1600,1600,168,2446,1999,6,26
1601,1601,1803,2028,1996,4,11
1602,1602,1719,2621,1994,10,9
1603,1603,487,3311,1993,8,13
1604,1604,828,2120,2007,11,27
1605,1605,1176,2657,2011,10,2
1606,1606,567,2863,1992,11,14
1607,1607,160,2885,1998,11,27
1608,1608,1387,3238,2000,6,20
1609,1609,1409,2329,2011,12,22
1610,1610,525,2630,1995,5,12
1611,1611,2316,2543,1993,6,1
1612,1612,1962,2537,1996,6,3
1613,1613,597,2947,2001,5,10
1614,1614,1448,2764,2008,12,6
1615,1615,678,3042,2004,1,23
1616,1616,129,2393,1993,9,28
1617,1617,959,2491,1992,5,9
1618,1618,924,3439,1997,10,7
1619,1619,1207,3331,2002,9,25
1620,1620,1923,2621,2000,9,24
1621,1621,1361,2587,1999,4,14
1622,1622,195,2428,1995,5,13
1623,1623,686,2084,1997,5,14
1624,1624,321,2834,1995,8,8
1625,1625,1615,3070,2004,11,23
1626,1626,1800,2682,2013,2,28
1627,1627,482,2329,1990,4,15
1628,1628,1600,2287,2001,1,9
1629,1629,705,2675,2014,3,20
1630,1630,227,2426,2009,5,6
1631,1631,647,3015,1998,2,3
1632,1632,967,2056,1994,5,27
1633,1633,152,2367,2014,8,28
1634,1634,658,2317,1992,2,21
1635,1635,1223,2211,2000,5,31
1636,1636,1339,3490,1991,9,21
1637,1637,945,2707,2008,1,19
1638,1638,2414,3353,2007,1,21
1639,1639,383,2410,2009,11,13
1640,1640,41,2923,2001,8,8
1641,1641,2091,3206,2013,8,4
1642,1642,121,3308,2002,5,21
1643,1643,267,2447,2003,2,9
1644,1644,375,3388,2006,5,12
1645,1645,1147,2892,1995,10,18
1646,1646,902,3381,1991,8,5
1647,1647,1159,2044,1993,7,12
1648,1648,1920,2142,2013,4,2
1649,1649,2255,2776,1992,11,12
1650,1650,1545,2985,2004,5,22
1651,1651,869,2024,1998,12,4
1652,1652,2300,2980,1994,11,2
1653,1653,254,2810,2010,12,30
1654,1654,142,3029,1996,11,16
1655,1655,396,2969,2008,11,28
1656,1656,2359,3144,2010,12,29
1657,1657,2294,2921,1990,5,11
1658,1658,1785,2226,2001,5,4
1659,1659,629,2888,1996,10,28
1660,1660,2493,2357,2001,8,11
1661,1661,2404,3266,2012,6,29
1662,1662,786,2758,1992,7,3
1663,1663,798,2186,2010,3,13
1664,1664,551,3341,2009,5,15
1665,1665,309,2403,1995,1,10
1666,1666,1427,2225,2000,7,3
1667,1667,23,2153,1999,6,20
1668,1668,961,2534,1995,3,4
1669,1669,294,2081,2013,3,29
1670,1670,2286,2421,2004,9,14
1671,1671,1153,3175,2009,1,1
1672,1672,1284,2560,1991,2,15
1673,1673,888,3236,1995,11,15
1674,1674,708,3159,2001,8,15
1675,1675,1756,2764,2014,3,3
1676,1676,1520,2884,2007,10,9
1677,1677,1967,2835,1992,9,12
1678,1678,2341,2798,1997,11,9
1679,1679,1408,3347,1997,8,14
1680,1680,2290,2211,1992,7,21
1681,1681,1125,2991,1997,8,5
1682,1682,2480,2851,2009,9,21
1683,1683,672,3379,1994,12,18
1684,1684,502,2597,1992,12,21
1685,1685,2020,2325,1998,6,3
1686,1686,1901,2153,1998,7,23
1687,1687,1969,2329,2005,4,23
1688,1688,2184,3084,1992,1,7
1689,1689,414,2120,2003,8,30
1690,1690,1571,2201,2014,12,13
1691,1691,2042,3209,1996,10,18
1692,1692,1198,2327,1998,12,5
1693,1693,1761,2896,2002,8,9
1694,1694,188,3010,2011,9,4
1695,1695,432,2450,2007,8,31
1696,1696,2114,3037,1997,6,12
1697,1697,603,2173,2010,4,20
1698,1698,1153,3329,1994,9,25
1699,1699,1915,2218,2007,11,19
1700,1700,2126,3281,2011,5,22
1701,1701,437,2712,2008,1,25
1702,1702,2095,3160,2000,1,19
1703,1703,2483,2537,2009,4,16
1704,1704,832,3161,2010,7,2
1705,1705,572,2726,1995,12,20
1706,1706,1797,3200,1999,12,20
1707,1707,1421,3365,1993,3,21
1708,1708,237,2026,1997,6,29
1709,1709,1081,2523,1991,6,13
1710,1710,1202,2388,2005,9,24
1711,1711,2467,2665,2012,9,22
1712,1712,1251,2204,1998,10,11
1713,1713,894,3152,1992,1,27
1714,1714,1623,2468,2000,7,12
1715,1715,552,2394,2010,1,26
1716,1716,2471,2857,2009,1,19
1717,1717,1287,3094,2007,1,9
1718,1718,2433,2453,2008,7,5
1719,1719,1572,2101,1999,7,5
1720,1720,1595,3448,1996,5,23
1721,1721,2259,2251,1997,6,15
1722,1722,1086,2759,2004,3,22
1723,1723,1480,3259,2005,7,20
1724,1724,2069,2889,1998,4,21
1725,1725,2417,2750,2011,6,25
1726,1726,1389,2507,2008,11,30
1727,1727,1975,3467,1991,11,26
1728,1728,1334,3328,2003,10,26
1729,1729,1188,2763,2000,7,1
1730,1730,1832,2993,2002,12,26
1731,1731,1306,3119,1992,5,19
1732,1732,260,2705,1993,2,15
1733,1733,157,2774,2000,3,28
1734,1734,60,2364,1990,8,20
1735,1735,681,2045,1998,6,29
1736,1736,402,2353,2003,5,27
1737,1737,2457,3017,2012,9,15
1738,1738,650,2597,2006,8,27
1739,1739,759,2140,1996,12,31
1740,1740,1171,2038,2011,3,27
1741,1741,2444,2304,2009,12,16
1742,1742,1877,3477,2013,11,29
1743,1743,960,2495,2009,4,19
1744,1744,480,3013,1994,2,27
1745,1745,144,2008,1999,12,25
1746,1746,651,3440,1990,7,5
1747,1747,222,2517,1998,7,1
1748,1748,1838,2054,2006,1,13
1749,1749,2451,3373,2004,8,2
1750,1750,195,2047,1991,4,14
1751,1751,1521,2779,1990,1,2
1752,1752,1799,2249,2012,12,26
1753,1753,2374,3328,1995,3,25
1754,1754,1447,3368,2008,6,3
1755,1755,1597,3270,1994,5,1
1756,1756,2080,3336,1994,4,25
1757,1757,1273,2778,2002,4,19
1758,1758,203,2795,1997,12,19
1759,1759,1461,3290,2014,12,20
1760,1760,1111,3141,2000,8,19
1761,1761,51,3369,2003,7,2
1762,1762,342,3389,2000,2,11
1763,1763,876,3139,2005,8,3
1764,1764,137,2651,2005,8,30
1765,1765,2361,2117,2012,1,15
1766,1766,1528,2291,2006,7,29
1767,1767,1239,3238,2012,2,19
1768,1768,436,3403,2012,2,5
1769,1769,62,2093,1991,10,21
1770,1770,455,3336,2012,3,11
1771,1771,819,2142,2009,9,5
1772,1772,1759,2600,1993,10,20
1773,1773,1128,2329,2006,2,5
1774,1774,2459,2505,2007,10,26
1775,1775,486,2052,2006,6,30
1776,1776,2045,3065,1995,7,20
1777,1777,1752,2376,1994,4,8
1778,1778,2433,2679,1996,2,29
1779,1779,1595,2173,1998,9,9
1780,1780,454,3297,2006,8,15
1781,1781,2150,2449,1990,6,3
1782,1782,39,3215,1994,10,18
1783,1783,1129,3426,2002,11,16
1784,1784,678,2234,1992,11,3
1785,1785,133,2818,2006,11,10
1786,1786,1924,3389,2014,11,4
1787,1787,1461,3254,1995,6,17
1788,1788,1243,3493,2013,4,30
1789,1789,1771,2633,1991,1,23
1790,1790,1376,2595,1997,11,26
1791,1791,1337,3249,2014,9,24
1792,1792,899,3149,2012,4,8
1793,1793,1736,2013,2001,8,15
1794,1794,1429,2773,1998,5,12
1795,1795,201,3415,1999,3,7
1796,1796,1530,3406,2007,7,23
1797,1797,462,2495,1993,5,10
1798,1798,827,2404,1993,6,29
1799,1799,530,3442,2013,10,30
1800,1800,2023,2846,2011,9,18
1801,1801,2252,3075,1997,9,21
1802,1802,2374,3389,2010,11,4
1803,1803,1004,3471,2000,11,24
1804,1804,599,2187,2010,5,23
1805,1805,1673,2011,2002,11,8
1806,1806,2062,2859,2009,10,22
1807,1807,1376,2363,2005,5,19
1808,1808,1092,3332,1997,2,17
1809,1809,313,2687,2010,9,8
1810,1810,1048,2427,2001,7,16
1811,1811,1188,2254,1993,4,25
1812,1812,609,2536,1997,6,16
1813,1813,1833,3355,2003,8,10
1814,1814,1308,2147,2010,8,13
1815,1815,814,3279,1999,10,3
1816,1816,2310,2748,2000,3,19
1817,1817,1602,2691,2004,5,22
1818,1818,856,2400,1994,9,22
1819,1819,1412,3149,2014,12,26
1820,1820,2243,3015,1990,1,21
1821,1821,1528,3461,2006,5,3
1822,1822,312,2916,2004,3,29
1823,1823,1403,3289,2010,10,7
1824,1824,1346,2430,1992,11,24
1825,1825,2033,2315,2012,11,2
1826,1826,2398,2257,2013,1,17
1827,1827,694,2696,2013,9,7
1828,1828,2176,2825,2009,10,9
1829,1829,1441,3417,2011,6,6
1830,1830,1549,3411,1994,8,29
1831,1831,2104,2759,1998,7,20
1832,1832,1059,2682,1994,6,3
1833,1833,1452,2804,1999,10,15
1834,1834,1810,2858,2008,3,27
1835,1835,2473,2553,1992,2,1
1836,1836,124,2016,2010,9,2
1837,1837,16,2691,1991,8,25
1838,1838,1933,2484,1996,6,23
1839,1839,1636,3300,2011,3,2
1840,1840,1633,3273,2000,7,20
1841,1841,718,2201,2003,5,22
1842,1842,1977,3225,1996,4,11
1843,1843,248,3133,2004,2,8
1844,1844,1544,3165,2014,5,9
1845,1845,1947,2527,2008,3,1
1846,1846,176,2018,1992,5,18
1847,1847,1476,2918,2005,12,21
1848,1848,1161,2533,1990,5,29
1849,1849,792,3482,1990,4,7
1850,1850,2455,3013,2011,2,11
1851,1851,1147,3008,2004,11,15
1852,1852,83,3378,1995,11,12
1853,1853,1506,3388,1997,2,22
1854,1854,234,2816,2007,11,3
1855,1855,1076,2595,2008,4,30
1856,1856,2083,2788,2010,10,27
1857,1857,980,2694,1992,8,17
1858,1858,43,2187,2009,8,27
1859,1859,1014,3335,2008,4,4
1860,1860,601,2536,2013,5,5
1861,1861,1221,3282,1996,7,6
1862,1862,791,2754,2009,8,4
1863,1863,1478,3077,2004,1,10
1864,1864,464,2334,2001,4,27
1865,1865,1852,3149,2013,11,8
1866,1866,1927,3313,1999,8,1
1867,1867,1425,3277,1994,3,12
1868,1868,1372,2926,2013,1,11
1869,1869,1505,2121,1998,4,24
1870,1870,2144,2065,1996,1,31
1871,1871,1598,2474,2014,12,3
1872,1872,2168,2366,1996,12,29
1873,1873,533,2984,1992,4,6
1874,1874,1460,3174,2008,5,15
1875,1875,1519,2242,1992,9,8
1876,1876,1284,2241,2007,9,22
1877,1877,1471,2527,1997,5,27
1878,1878,538,2473,2008,10,13
1879,1879,978,2748,2000,11,26
1880,1880,617,2329,2014,11,23
1881,1881,2442,3430,1994,1,28
1882,1882,123,3245,2013,8,29
1883,1883,1518,3440,2001,1,17
1884,1884,425,3477,2004,4,15
1885,1885,526,2643,2000,7,3
1886,1886,2465,2209,1999,1,18
1887,1887,708,2196,1992,10,8
1888,1888,428,2615,1993,1,13
1889,1889,1107,3431,2002,2,25
1890,1890,356,3221,2003,2,25
1891,1891,966,2742,1991,10,5
1892,1892,2383,2988,2007,2,3
1893,1893,1326,2553,1998,10,1
1894,1894,55,2120,2000,9,1
1895,1895,759,2353,2012,2,24
1896,1896,418,2302,2009,5,18
1897,1897,939,2575,1993,7,13
1898,1898,1241,3159,1998,6,25
1899,1899,2008,2660,1999,3,23
1900,1900,2367,2353,1993,7,9
1901,1901,1305,3432,2012,3,20
1902,1902,2393,2993,1994,2,22
1903,1903,1900,2394,2001,2,6
1904,1904,1187,2917,2012,7,22
1905,1905,163,2968,2013,10,3
1906,1906,250,2982,2009,12,7
1907,1907,2033,3263,1991,1,7
1908,1908,1732,2084,1990,1,24
1909,1909,1879,2778,2011,12,15
1910,1910,31,2170,2009,2,15
1911,1911,98,3123,1992,2,17
1912,1912,494,2279,2013,7,12
1913,1913,426,2239,2004,3,23
1914,1914,1593,3422,2005,10,28
1915,1915,710,3023,2005,3,20
1916,1916,1105,2852,1990,8,19
1917,1917,988,2563,2013,2,25
1918,1918,2221,3183,2009,12,28
1919,1919,2279,2889,2001,8,9
1920,1920,1490,2244,1992,9,3
1921,1921,1137,3145,2008,12,25
1922,1922,2073,2774,1998,12,25
1923,1923,1244,2466,2014,6,26
1924,1924,1094,2789,1992,9,20
1925,1925,1668,2503,2012,3,17
1926,1926,1211,2223,2000,10,3
1927,1927,1623,3401,1990,7,12
1928,1928,136,2332,2000,11,14
1929,1929,879,2567,1994,9,17
1930,1930,433,2298,2007,5,24
1931,1931,1281,2885,2014,9,9
1932,1932,1463,2024,2011,11,24
1933,1933,573,3308,2012,1,30
1934,1934,129,3281,1994,7,9
1935,1935,303,2688,2008,9,29
1936,1936,2071,2767,1999,1,6
1937,1937,2346,2352,2012,5,28
1938,1938,317,2305,1998,6,15
1939,1939,497,2560,1996,11,16
1940,1940,1637,2541,2011,6,1
1941,1941,2015,2827,1999,10,19
1942,1942,1544,2134,2005,5,17
1943,1943,12,3171,2002,8,5
1944,1944,1851,2112,1995,4,3
1945,1945,1026,2159,1990,5,14
1946,1946,2078,3277,1996,5,25
1947,1947,1273,2303,1994,9,23
1948,1948,401,2554,2000,11,23
1949,1949,1400,2771,2013,12,5
1950,1950,278,2631,1993,3,3
1951,1951,1260,2458,1998,7,28
1952,1952,1153,3446,1991,5,19
1953,1953,1651,2048,1991,8,4
1954,1954,2443,2657,2006,3,6
1955,1955,1670,3451,2011,5,9
1956,1956,573,2006,1999,8,21
1957,1957,2236,2565,1991,10,27
1958,1958,1528,3477,1994,6,25
1959,1959,2059,3297,2000,3,16
1960,1960,270,3457,2002,8,28
1961,1961,2409,2938,1992,3,30
1962,1962,19,2368,2001,2,4
1963,1963,392,2146,1994,12,25
1964,1964,801,2423,1993,5,18
1965,1965,1179,3136,2012,4,5
1966,1966,1524,2895,2008,4,9
1967,1967,97,3274,1992,4,13
1968,1968,138,2120,1996,8,29
1969,1969,1200,3182,2008,8,15
1970,1970,1725,2931,1990,9,22
1971,1971,539,3354,1998,10,29
1972,1972,697,2816,2011,2,9
1973,1973,1831,2822,1996,4,27
1974,1974,669,2694,1992,1,18
1975,1975,503,2173,2011,4,17
1976,1976,53,2397,1995,7,4
1977,1977,2221,2533,2005,3,20
1978,1978,1555,2991,1997,9,2
1979,1979,2301,2387,1990,1,11
1980,1980,929,3381,2012,11,17
1981,1981,1440,2890,1993,1,13
1982,1982,994,2169,2007,11,17
1983,1983,635,2502,1990,1,11
1984,1984,237,3169,2001,8,5
1985,1985,998,2149,2012,10,12
1986,1986,983,2301,1994,6,21
1987,1987,101,2130,2014,5,4
1988,1988,1947,2888,2008,10,22
1989,1989,475,2945,1996,5,28
1990,1990,884,2356,2007,6,25
1991,1991,3,3154,1999,6,23
1992,1992,2121,2677,2013,5,13
1993,1993,1507,2315,1998,9,28
1994,1994,484,2814,2013,2,21
1995,1995,1271,3026,1997,3,14
1996,1996,1183,2814,2011,2,21
1997,1997,1754,2841,2014,7,29
1998,1998,1293,2377,1995,8,31
1999,1999,2390,3372,2013,11,27
2000,2000,163,2135,1991,9,2
2001,2001,2149,2940,2000,2,23
2002,2002,397,2348,2006,5,18
2003,2003,1133,3458,1993,10,6
2004,2004,2270,3361,2004,3,5
2005,2005,555,3362,2012,3,8
2006,2006,1909,2168,2001,9,14
2007,2007,788,2150,2001,9,3
2008,2008,1115,3000,2009,4,8
2009,2009,1755,2436,1992,11,5
2010,2010,1722,3203,2010,5,21
2011,2011,31,3401,2014,12,2
2012,2012,2038,3461,2008,7,27
2013,2013,723,2376,1997,12,3
2014,2014,1232,2302,1993,11,3
2015,2015,1932,2001,1990,9,4
2016,2016,22,3149,1997,4,11
2017,2017,1347,2133,1994,6,28
2018,2018,2011,3091,2006,8,20
2019,2019,2164,3076,2007,11,23
2020,2020,1042,2130,2009,5,12
2021,2021,1515,3330,2008,7,2
2022,2022,116,2429,2008,10,2
2023,2023,1633,3136,2002,9,29
2024,2024,1455,2482,2001,8,10
2025,2025,1569,3431,2010,8,21
2026,2026,2113,3232,2001,6,21
2027,2027,51,3377,2014,3,19
2028,2028,259,3072,2000,5,13
2029,2029,1308,2977,2012,8,9
2030,2030,1707,2668,2008,6,14
2031,2031,1614,3394,2004,11,7
2032,2032,2098,3428,2005,11,28
2033,2033,198,2744,1997,1,9
2034,2034,1032,3262,2002,9,25
2035,2035,1351,2918,2013,12,10
2036,2036,1368,2417,1994,2,2
2037,2037,658,2048,2005,7,10
2038,2038,215,2741,1996,5,29
2039,2039,735,2163,1996,8,17
2040,2040,220,2614,2002,11,7
2041,2041,1516,2649,2011,2,22
2042,2042,908,3076,2014,5,10
2043,2043,525,2243,1993,3,3
2044,2044,424,2109,2012,4,17
2045,2045,872,3054,2012,4,22
2046,2046,597,2462,2008,2,7
2047,2047,1126,3379,2005,9,5
2048,2048,896,2916,2009,1,1
2049,2049,1229,3093,2007,8,22
2050,2050,2263,3305,1998,5,19
2051,2051,1354,2750,1990,2,15
2052,2052,977,2484,2003,11,15
2053,2053,1871,2556,2013,3,6
2054,2054,867,2613,1995,6,25
2055,2055,1920,2175,2013,1,11
2056,2056,256,3208,1996,1,24
2057,2057,1261,3079,1996,10,20
2058,2058,2403,2766,1994,10,8
2059,2059,1598,3450,2005,8,23
2060,2060,793,2262,2010,6,8
2061,2061,1681,2538,1991,4,6
2062,2062,2187,2018,1994,4,18
2063,2063,772,2327,2004,2,18
2064,2064,2145,3419,2009,10,21
2065,2065,2029,2779,2005,5,29
2066,2066,1065,3232,2011,3,26
2067,2067,2301,2848,2002,1,11
2068,2068,32,3241,2013,3,17
2069,2069,131,2770,2006,9,6
2070,2070,1228,2732,2007,6,6
2071,2071,1307,3124,2011,12,29
2072,2072,384,3227,1992,4,21
2073,2073,1474,2888,2003,11,14
2074,2074,1164,2656,2002,6,22
2075,2075,68,2146,1995,9,30
2076,2076,376,2956,1999,9,28
2077,2077,2077,2977,2005,10,17
2078,2078,1934,3221,2013,6,14
2079,2079,901,2898,2009,5,22
2080,2080,615,2393,2002,11,28
2081,2081,1086,3415,2003,3,25
2082,2082,554,2840,2012,9,21
2083,2083,2424,2968,2008,5,10
2084,2084,993,3264,2005,3,12
2085,2085,563,2838,2001,8,26
2086,2086,1728,3296,2006,7,13
2087,2087,193,2905,1997,12,31
2088,2088,1981,2907,2014,3,6
2089,2089,442,3123,2009,12,21
2090,2090,328,2379,1996,5,7
2091,2091,1575,2095,1999,9,20
2092,2092,1309,3329,1992,7,12
2093,2093,2117,2396,1993,9,14
2094,2094,1829,2117,2003,11,25
2095,2095,52,2312,2009,8,26
2096,2096,2299,3438,2010,5,5
2097,2097,1157,3486,2009,5,17
2098,2098,485,3418,2005,1,19
2099,2099,2452,2965,1995,10,11
2100,2100,1246,2617,2006,2,22
2101,2101,1345,2627,2007,8,9
2102,2102,1656,3091,2008,2,9
2103,2103,637,3255,2006,11,2
2104,2104,2011,3030,1999,10,30
2105,2105,2249,3276,1992,9,12
2106,2106,1180,3120,2008,3,4
2107,2107,470,3385,2013,8,19
2108,2108,149,2544,1994,10,23
2109,2109,2393,2870,2000,6,4
2110,2110,183,2172,2005,2,20
2111,2111,300,3456,2011,8,1
2112,2112,1638,2383,2008,1,18
2113,2113,2342,2475,2013,6,10
2114,2114,861,2356,2010,3,5
2115,2115,1527,3293,2014,9,7
2116,2116,112,3096,1995,8,7
2117,2117,535,2118,1996,7,15
2118,2118,599,2617,2000,10,30
2119,2119,1628,3088,2010,3,6
2120,2120,1971,3353,2012,10,23
2121,2121,1921,3220,1994,11,26
2122,2122,1234,3468,2006,2,6
2123,2123,68,2331,1994,9,3
2124,2124,2087,2439,1993,1,15
2125,2125,1355,2954,2006,9,25
2126,2126,1491,2684,2013,6,7
2127,2127,2346,3363,2013,7,3
2128,2128,982,2033,2001,5,18
2129,2129,2321,3023,2014,7,13
2130,2130,163,2200,1990,12,6
2131,2131,1419,2672,2006,12,29
2132,2132,1756,3181,2007,2,27
2133,2133,1109,2219,1990,9,3
2134,2134,2072,2137,2007,12,25
2135,2135,170,2631,1994,9,16
2136,2136,1905,2237,2013,11,16
2137,2137,2106,3177,2007,9,7
2138,2138,2347,2774,2001,5,27
2139,2139,655,2531,2005,12,1
2140,2140,940,2142,2005,1,3
2141,2141,859,2884,1990,7,28
2142,2142,1817,2119,1997,11,21
2143,2143,834,2501,2003,5,25
2144,2144,2349,3069,2013,5,19
2145,2145,1945,2715,2000,10,19
2146,2146,669,2106,2012,7,7
2147,2147,937,2362,1998,1,14
2148,2148,1116,2064,1992,3,6
2149,2149,2247,3139,2014,6,14
2150,2150,2204,2851,2010,9,21
2151,2151,447,2251,2002,1,19
2152,2152,908,2305,2012,2,14
2153,2153,1593,2887,1995,3,29
2154,2154,192,2037,1993,8,8
2155,2155,810,3473,2009,6,30
2156,2156,1547,3004,1994,12,2
2157,2157,553,3468,1997,5,4
2158,2158,1505,2671,2007,7,2
2159,2159,436,2906,2003,5,17
2160,2160,1372,3022,1990,2,10
2161,2161,2014,2276,1998,11,22
2162,2162,739,2178,2006,9,21
2163,2163,2274,3218,1995,4,26
2164,2164,917,2066,1992,4,28
2165,2165,2046,2569,2011,5,21
2166,2166,1130,2172,2005,5,4
2167,2167,2233,2002,1998,2,14
2168,2168,1547,3303,2014,9,14
2169,2169,1085,2658,2006,8,20
2170,2170,1440,2295,1991,3,19
2171,2171,1063,2826,2002,8,19
2172,2172,2425,2901,1994,6,18
2173,2173,1791,3196,2006,1,7
2174,2174,299,3458,2004,8,3
2175,2175,809,3360,1998,2,20
2176,2176,906,3174,1992,3,28
2177,2177,1611,2535,2003,5,8
2178,2178,2355,2546,2014,1,10
2179,2179,2111,2668,2007,6,1
2180,2180,115,2000,2001,11,3
2181,2181,2226,2083,1991,1,9
2182,2182,1380,3029,1994,5,1
2183,2183,341,2224,1996,5,10
2184,2184,2332,2709,2006,4,20
2185,2185,379,2300,2007,1,31
2186,2186,1087,3375,2005,5,1
2187,2187,2304,3147,2005,5,11
2188,2188,1103,2387,2000,11,30
2189,2189,1370,2209,2012,2,22
2190,2190,1115,3455,1993,10,18
2191,2191,333,2944,2010,5,9
2192,2192,358,2865,2004,11,18
2193,2193,1151,3499,2007,2,16
2194,2194,2082,2431,2010,3,5
2195,2195,547,2660,2014,12,9
2196,2196,2152,2203,1999,2,21
2197,2197,559,2564,1998,5,12
2198,2198,328,2672,1992,7,25
2199,2199,917,2717,2005,3,3
2200,2200,2426,2822,2006,11,18
2201,2201,1588,2050,2010,2,26
2202,2202,785,3026,2012,12,26
2203,2203,2170,2443,1996,8,9
2204,2204,397,2332,1990,11,27
2205,2205,2042,3487,1995,9,6
2206,2206,1226,3206,1992,10,12
2207,2207,650,3149,1997,12,2
2208,2208,2370,2422,2005,12,2
2209,2209,1639,2651,1994,3,19
2210,2210,333,3353,2006,6,28
2211,2211,1271,2985,2014,1,26
2212,2212,1732,2584,2001,1,29
2213,2213,279,2794,1995,11,11
2214,2214,1121,2988,1994,2,24
2215,2215,1643,3320,1990,8,3
2216,2216,894,2897,1999,2,23
2217,2217,1819,2333,2013,7,31
2218,2218,1552,3094,2010,8,14
2219,2219,2288,2631,2005,1,10
2220,2220,752,2937,2000,9,7
2221,2221,1555,2839,1994,10,27
2222,2222,1505,3002,2000,8,25
2223,2223,879,3043,1990,7,21
2224,2224,639,3402,2003,4,29
2225,2225,1154,3115,2006,11,8
2226,2226,1549,3408,2010,10,20
2227,2227,784,3439,2012,1,14
2228,2228,1805,2477,2002,2,5
2229,2229,1523,2913,1995,12,4
2230,2230,161,2434,2007,6,6
2231,2231,2397,3215,2001,6,11
2232,2232,1148,2858,1999,5,21
2233,2233,798,3235,2009,10,7
2234,2234,1075,2545,2005,8,26
2235,2235,1313,3087,2006,11,27
2236,2236,2307,2263,2005,3,25
2237,2237,833,3225,2004,2,13
2238,2238,90,2507,2011,12,14
2239,2239,1587,2013,2000,11,17
2240,2240,2466,2163,2001,12,31
2241,2241,1376,2608,2014,3,6
2242,2242,2092,2608,2012,8,12
2243,2243,175,2229,1999,7,26
2244,2244,286,2707,2003,9,24
2245,2245,1754,2812,2008,1,24
2246,2246,1200,3093,1998,3,10
2247,2247,2354,2385,2006,12,29
2248,2248,478,3070,2009,2,23
2249,2249,101,3136,1994,10,22
2250,2250,1612,3051,2008,5,15
2251,2251,1933,2146,2004,10,9
2252,2252,1116,3108,1999,8,26
2253,2253,2011,3395,2004,5,17
2254,2254,1919,2579,2001,7,25
2255,2255,893,3036,2003,12,8
2256,2256,1697,2171,1992,8,25
2257,2257,1272,3232,2008,6,25
2258,2258,1868,3416,2011,2,28
2259,2259,95,2308,1994,11,19
2260,2260,240,3257,2003,7,23
2261,2261,1140,3172,1993,11,5
2262,2262,1347,3028,2012,12,31
2263,2263,1623,2438,1993,4,25
2264,2264,2179,3481,2004,5,3
2265,2265,193,2169,2012,6,20
2266,2266,837,2802,2010,7,12
2267,2267,643,2619,2013,3,11
2268,2268,1066,2404,1997,8,18
2269,2269,1426,2371,2000,5,14
2270,2270,2239,3315,1991,11,26
2271,2271,2421,2973,2010,6,3
2272,2272,1509,2709,2014,2,10
2273,2273,398,2384,2003,12,30
2274,2274,1969,2175,1993,3,20
2275,2275,61,3163,2014,7,25
2276,2276,1565,3351,2011,10,11
2277,2277,1705,2999,2004,8,20
2278,2278,536,3047,2001,12,13
2279,2279,43,2269,1991,9,6
2280,2280,1160,3306,2014,2,18
2281,2281,387,2419,2003,1,28
2282,2282,262,2922,2014,2,2
2283,2283,778,2038,2004,10,14
2284,2284,2016,2326,2010,12,3
2285,2285,451,3427,1999,4,26
2286,2286,1312,2468,1995,12,1
2287,2287,2109,3436,2002,1,18
2288,2288,2276,2738,1991,2,20
2289,2289,2010,3171,1997,11,9
2290,2290,2358,3055,2011,11,22
2291,2291,1342,3397,2000,4,19
2292,2292,1147,2393,2009,6,6
2293,2293,1885,2915,2001,3,19
2294,2294,150,3125,1991,7,11
2295,2295,1470,2769,1996,12,31
2296,2296,2117,3321,1992,9,19
2297,2297,2146,3203,2014,7,6
2298,2298,17,2581,2002,10,18
2299,2299,2447,2368,2014,12,14
2300,2300,1763,3148,2013,7,27
2301,2301,1513,2009,2002,10,21
2302,2302,2219,3172,1993,12,28
2303,2303,797,2183,1997,4,6
2304,2304,137,2086,2008,1,2
2305,2305,637,2898,1998,12,11
2306,2306,1067,3194,1996,10,25
2307,2307,2449,3181,2000,4,8
2308,2308,1410,3151,1993,6,14
2309,2309,2053,2130,2003,5,25
2310,2310,200,3106,1995,8,23
2311,2311,1117,3145,1994,12,23
2312,2312,1608,3182,2010,5,11
2313,2313,1166,2078,1999,12,5
2314,2314,1936,2808,2005,1,17
2315,2315,1770,2365,2007,9,1
2316,2316,1684,2589,2007,8,26
2317,2317,1490,3073,2011,11,25
2318,2318,1884,2966,1991,10,10
2319,2319,1424,2256,2007,2,11
2320,2320,1595,3087,2003,2,28
2321,2321,2280,2380,2014,10,23
2322,2322,1861,2001,2010,6,5
2323,2323,2343,2315,1995,10,12
2324,2324,914,2515,2008,6,9
2325,2325,2177,2145,1991,8,13
2326,2326,1112,3463,2005,11,5
2327,2327,1967,3181,2004,5,30
2328,2328,1969,2408,2008,6,29
2329,2329,1448,3255,2014,8,24
2330,2330,976,3400,2012,10,9
2331,2331,1621,2508,1991,5,10
2332,2332,1546,2332,1994,5,13
2333,2333,66,3279,1996,10,13
2334,2334,1103,2448,2004,8,29
2335,2335,788,3119,2009,8,11
2336,2336,655,2591,1990,10,3
2337,2337,1593,3082,2000,6,22
2338,2338,2299,2276,2013,9,23
2339,2339,1100,2201,2009,3,31
2340,2340,1280,2518,2013,11,4
2341,2341,2389,2094,1990,9,11
2342,2342,2032,2540,2000,12,2
2343,2343,1149,2492,2004,9,21
2344,2344,1079,2773,1996,6,19
2345,2345,2022,2684,2012,7,26
2346,2346,573,2801,2012,3,27
2347,2347,2120,2438,1996,3,26
2348,2348,2195,2233,2003,7,9
2349,2349,2162,2046,2005,1,30
2350,2350,1557,3239,2011,1,22
2351,2351,2013,3465,2002,8,12
2352,2352,1866,2845,2009,5,27
2353,2353,1984,2311,2013,7,28
2354,2354,218,3088,1999,2,5
2355,2355,1772,2310,2014,7,15
2356,2356,200,2663,1996,3,20
2357,2357,1621,2637,2000,12,25
2358,2358,831,2742,2007,6,30
2359,2359,2263,3099,2013,12,18
2360,2360,1273,2576,1999,5,30
2361,2361,603,2585,2006,2,3
2362,2362,2221,3011,1999,7,19
2363,2363,2107,2146,2000,1,24
2364,2364,265,2122,2003,7,3
2365,2365,889,2391,1999,4,13
2366,2366,2498,2309,2012,12,28
2367,2367,436,2120,2012,9,26
2368,2368,1239,3084,2013,3,29
2369,2369,663,2796,1998,2,23
2370,2370,1466,3492,2012,8,20
2371,2371,1889,2712,1994,7,1
2372,2372,1690,2172,2003,9,23
2373,2373,2190,2210,2002,11,16
2374,2374,2464,2174,2008,1,8
2375,2375,1034,2580,2007,7,9
2376,2376,1029,2718,2002,8,17
2377,2377,251,2537,1990,9,28
2378,2378,1839,3316,2004,4,12
2379,2379,688,2110,2003,5,7
2380,2380,686,2640,1997,6,18
2381,2381,2440,2177,1990,1,30
2382,2382,2171,2768,2004,8,6
2383,2383,364,2977,2004,11,5
2384,2384,1169,3204,2012,2,8
2385,2385,638,3135,1999,9,4
2386,2386,1528,3178,2008,2,6
2387,2387,2384,2954,2002,4,3
2388,2388,2345,3376,2012,8,11
2389,2389,2234,3063,1992,10,9
2390,2390,190,2182,2014,10,2
2391,2391,2357,2698,2001,7,1
2392,2392,609,2260,1990,7,30
2393,2393,1333,3313,2009,4,2
2394,2394,1931,3048,1993,3,3
2395,2395,2207,2764,2011,6,24
2396,2396,818,3249,1999,11,27
2397,2397,1428,2738,2002,11,5
2398,2398,1806,3436,2001,6,25
2399,2399,1468,2715,1999,6,26
2400,2400,230,3408,1996,5,16
2401,2401,2070,2392,1990,5,7
2402,2402,1321,3190,2011,2,12
2403,2403,1288,2173,2003,3,25
2404,2404,2173,3461,2001,12,20
2405,2405,119,2989,2005,9,7
2406,2406,1342,2084,2009,7,18
2407,2407,1757,2652,2004,3,1
2408,2408,2413,2682,2003,1,18
2409,2409,1451,3106,1998,4,30
2410,2410,128,2051,2000,10,28
2411,2411,1960,2858,1993,7,14
2412,2412,2144,3381,2013,12,23
2413,2413,1666,2514,2012,11,22
2414,2414,1713,2348,1999,8,16
2415,2415,1076,2223,2000,10,4
2416,2416,2114,2863,1992,6,5
2417,2417,852,3176,2009,9,24
2418,2418,58,3326,2014,12,29
2419,2419,2419,2975,2014,1,17
2420,2420,390,3186,1996,4,23
2421,2421,2399,2404,2002,9,22
2422,2422,37,3223,2000,4,2
2423,2423,376,2417,2010,4,17
2424,2424,1287,2489,1994,7,6
2425,2425,745,2600,1993,9,25
2426,2426,1047,2455,2014,3,13
2427,2427,164,2206,2003,6,20
2428,2428,362,2002,1999,8,7
2429,2429,797,2209,1995,6,17
2430,2430,1583,2726,1995,5,5
2431,2431,968,3236,1993,1,5
2432,2432,413,3399,2013,6,14
2433,2433,472,2262,1997,1,28
2434,2434,638,2417,1999,7,7
2435,2435,1490,2147,2013,12,14
2436,2436,374,2182,1992,1,26
2437,2437,1373,2248,2013,1,29
2438,2438,2218,2675,2004,3,3
2439,2439,2239,3451,2005,12,13
2440,2440,675,3239,1995,12,12
2441,2441,1476,3134,2002,8,22
2442,2442,1197,2979,2012,4,3
2443,2443,1427,3493,1997,2,18
2444,2444,1128,2850,1991,7,20
2445,2445,329,2482,1999,6,2
2446,2446,1970,3079,2008,1,17
2447,2447,2087,2808,1999,9,25
2448,2448,2143,2898,1994,12,9
2449,2449,1783,2530,2014,10,10
2450,2450,569,2387,2009,3,12
2451,2451,93,2368,2011,9,1
2452,2452,625,2812,2002,3,25
2453,2453,2468,3213,2004,4,16
2454,2454,1335,2672,2007,3,24
2455,2455,2329,3333,2012,1,17
2456,2456,835,2607,1997,7,27
2457,2457,671,3236,1991,6,8
2458,2458,2283,2199,1995,10,9
2459,2459,1613,2880,2000,7,1
2460,2460,2123,2352,2012,3,15
2461,2461,1690,2539,1992,7,15
2462,2462,2453,2907,1995,4,10
2463,2463,1289,2598,2002,3,21
2464,2464,635,2510,2013,11,29
2465,2465,958,2183,1997,6,20
2466,2466,2,2983,1993,10,4
2467,2467,1622,2788,1999,3,21
2468,2468,316,2942,1991,12,28
2469,2469,1547,2804,1995,4,30
2470,2470,836,2605,1999,12,14
2471,2471,1806,2739,2010,7,28
2472,2472,980,2367,2004,9,25
2473,2473,1287,2074,2003,12,2
2474,2474,2082,2025,2013,7,22
2475,2475,1656,2135,1995,3,30
2476,2476,1792,3472,2002,10,25
2477,2477,1764,2448,1997,7,7
2478,2478,55,2136,1993,9,6
2479,2479,203,2112,2011,2,23
2480,2480,997,2796,1996,8,30
2481,2481,570,2225,1991,9,15
2482,2482,2057,2392,2000,6,24
2483,2483,28,2786,1996,6,6
2484,2484,292,2054,1994,3,6
2485,2485,353,2132,1990,5,13
2486,2486,253,2538,2011,9,13
2487,2487,1674,2804,2011,4,3
2488,2488,659,2081,2013,9,25
2489,2489,2493,3348,1997,11,27
2490,2490,1513,2538,1995,11,16
2491,2491,1107,3056,1992,7,15
2492,2492,1914,2005,1991,7,6
2493,2493,1663,2927,1992,10,12
2494,2494,528,2169,2013,11,27
2495,2495,1893,2392,1994,11,7
2496,2496,736,2631,2010,4,16
2497,2497,731,2595,1990,10,19
2498,2498,2299,2536,2011,4,15
2499,2499,1743,2553,2008,8,7
2500,2500,2081,3221,2006,2,26
